t,temp_c,roll,pitch,raw_roll,raw_pitch,ax,ay,az
1790966635,27.2,-0.180,-0.180,85.880,-0.290,0.0050,1.0090,0.0720
1790966935,27.2,-0.160,-0.190,85.900,-0.310,0.0050,1.0090,0.0720
1790967235,27.1,-0.110,-0.170,85.960,-0.290,0.0050,1.0100,0.0710
1790967535,27.0,-0.170,-0.200,85.890,-0.310,0.0060,1.0090,0.0720
1790967835,26.9,-0.150,-0.200,85.910,-0.310,0.0060,1.0100,0.0720
1790968135,26.9,-0.120,-0.240,85.940,-0.350,0.0060,1.0100,0.0710
1790968435,26.8,-0.210,-0.210,85.850,-0.320,0.0060,1.0090,0.0730
1790968735,26.7,-0.210,-0.180,85.860,-0.290,0.0050,1.0100,0.0730
1790969035,26.7,-0.250,-0.180,85.810,-0.300,0.0050,1.0100,0.0740
1790969335,26.6,-0.190,-0.200,85.870,-0.310,0.0060,1.0100,0.0730
1790969635,26.5,-0.220,-0.180,85.850,-0.290,0.0050,1.0110,0.0730
1790969935,26.4,-0.170,-0.200,85.890,-0.310,0.0050,1.0100,0.0720
1790970235,26.4,-0.160,-0.210,85.910,-0.320,0.0060,1.0100,0.0720
1790970535,26.9,-0.130,-0.190,85.930,-0.300,0.0050,1.0100,0.0720
1790970835,27.1,-0.110,-0.210,85.960,-0.320,0.0060,1.0090,0.0710
1790971135,27.3,-0.070,-0.190,85.990,-0.300,0.0050,1.0100,0.0710
1790971435,27.4,-0.040,-0.230,86.020,-0.340,0.0060,1.0090,0.0700
1790971735,27.5,-0.020,-0.240,86.040,-0.350,0.0060,1.0090,0.0700
1790972035,27.6,-0.030,-0.180,86.040,-0.290,0.0050,1.0090,0.0700
1790972335,27.7,-0.010,-0.140,86.050,-0.260,0.0050,1.0090,0.0690
1790972635,27.7,-0.000,-0.200,86.060,-0.310,0.0050,1.0090,0.0690
1790972935,27.7,-0.030,-0.200,86.030,-0.320,0.0060,1.0090,0.0700
1790973235,27.6,-0.040,-0.200,86.020,-0.310,0.0060,1.0090,0.0700
1790973535,27.6,-0.010,-0.160,86.060,-0.270,0.0050,1.0090,0.0690
1790973835,27.6,-0.050,-0.180,86.020,-0.290,0.0050,1.0090,0.0700
1790974135,27.5,-0.050,-0.220,86.010,-0.330,0.0060,1.0090,0.0700
1790974435,27.5,-0.030,-0.210,86.030,-0.320,0.0060,1.0090,0.0700
1790974735,27.5,-0.050,-0.250,86.010,-0.370,0.0060,1.0080,0.0700
1790975035,27.4,-0.040,-0.210,86.020,-0.320,0.0060,1.0100,0.0700
1790975335,27.4,-0.070,-0.210,85.990,-0.330,0.0060,1.0090,0.0700
1790975635,27.3,-0.040,-0.200,86.020,-0.310,0.0050,1.0080,0.0700
1790975935,27.3,-0.100,-0.150,85.970,-0.260,0.0050,1.0090,0.0710
1790976235,27.2,-0.020,-0.210,86.040,-0.320,0.0060,1.0090,0.0700
1790976535,27.2,-0.110,-0.240,85.950,-0.350,0.0060,1.0090,0.0710
1790976835,27.1,-0.060,-0.190,86.010,-0.310,0.0050,1.0100,0.0700
1790977135,27.1,0.010,-0.210,86.070,-0.320,0.0060,1.0100,0.0690
1790977435,27.1,-0.100,-0.210,85.960,-0.320,0.0060,1.0100,0.0710
1790977735,27.0,-0.030,-0.230,86.030,-0.350,0.0060,1.0090,0.0700
1790978035,27.0,-0.120,-0.230,85.940,-0.340,0.0060,1.0110,0.0710
1790978335,26.9,-0.070,-0.200,85.990,-0.320,0.0060,1.0090,0.0710
1790978635,26.9,-0.070,-0.230,85.990,-0.340,0.0060,1.0090,0.0700
1790978935,26.9,-0.070,-0.230,85.990,-0.350,0.0060,1.0100,0.0700
1790979235,26.8,-0.110,-0.220,85.950,-0.330,0.0060,1.0090,0.0710
1790979535,26.8,-0.080,-0.240,85.980,-0.360,0.0060,1.0100,0.0710
1790979835,26.7,-0.080,-0.170,85.990,-0.290,0.0050,1.0100,0.0710
1790980135,26.7,-0.020,-0.200,86.040,-0.320,0.0060,1.0100,0.0700
1790980435,26.7,-0.060,-0.190,86.000,-0.310,0.0050,1.0110,0.0700
1790980735,26.7,-0.070,-0.230,85.990,-0.340,0.0060,1.0100,0.0710
1790981035,26.6,-0.090,-0.200,85.970,-0.310,0.0050,1.0090,0.0710
1790981335,26.6,-0.120,-0.200,85.950,-0.310,0.0060,1.0100,0.0710
1790981635,26.5,-0.090,-0.170,85.970,-0.290,0.0050,1.0110,0.0710
1790981935,26.5,-0.080,-0.190,85.990,-0.310,0.0050,1.0090,0.0710
1790982235,26.5,-0.140,-0.210,85.920,-0.320,0.0060,1.0100,0.0720
1790982535,26.4,-0.100,-0.170,85.970,-0.280,0.0050,1.0100,0.0710
1790982835,26.4,-0.100,-0.200,85.960,-0.310,0.0050,1.0110,0.0710
1790983135,26.3,-0.150,-0.180,85.920,-0.290,0.0050,1.0110,0.0720
1790983435,26.3,-0.070,-0.190,85.990,-0.310,0.0050,1.0100,0.0710
1790983735,26.3,-0.100,-0.250,85.960,-0.370,0.0060,1.0100,0.0710
1790984035,26.2,-0.140,-0.220,85.930,-0.330,0.0060,1.0100,0.0720
1790984335,26.2,-0.070,-0.230,85.990,-0.350,0.0060,1.0110,0.0710
1790984635,26.1,-0.030,-0.140,86.030,-0.250,0.0040,1.0100,0.0700
1790984935,26.1,-0.070,-0.230,85.990,-0.340,0.0060,1.0100,0.0710
1790985235,26.1,-0.110,-0.190,85.950,-0.300,0.0050,1.0110,0.0710
1790985535,26.1,-0.140,-0.190,85.930,-0.300,0.0050,1.0110,0.0720
1790985835,26.0,-0.120,-0.290,85.940,-0.410,0.0070,1.0100,0.0710
1790986135,26.0,-0.120,-0.160,85.950,-0.280,0.0050,1.0100,0.0710
1790986435,26.0,-0.100,-0.150,85.970,-0.260,0.0050,1.0100,0.0710
1790986735,26.0,-0.090,-0.170,85.980,-0.280,0.0050,1.0110,0.0710
1790987035,26.0,-0.150,-0.080,85.920,-0.200,0.0030,1.0100,0.0720
1790987335,26.0,-0.130,-0.180,85.930,-0.300,0.0050,1.0100,0.0720
1790987635,25.9,-0.140,-0.180,85.930,-0.290,0.0050,1.0100,0.0720
1790987935,25.9,-0.130,-0.160,85.940,-0.270,0.0050,1.0090,0.0710
1790988235,25.9,-0.110,-0.260,85.950,-0.370,0.0070,1.0110,0.0710
1790988535,25.9,-0.150,-0.170,85.910,-0.290,0.0050,1.0090,0.0720
1790988835,25.9,-0.130,-0.160,85.930,-0.280,0.0050,1.0100,0.0720
1790989135,25.9,-0.100,-0.220,85.970,-0.330,0.0060,1.0100,0.0710
1790989435,25.8,-0.070,-0.150,86.000,-0.260,0.0050,1.0100,0.0710
1790989735,25.8,-0.090,-0.240,85.970,-0.350,0.0060,1.0100,0.0710
1790990035,25.8,-0.140,-0.040,85.930,-0.150,0.0030,1.0100,0.0720
1790990335,25.8,-0.130,-0.210,85.940,-0.330,0.0060,1.0110,0.0720
1790990635,25.7,-0.090,-0.160,85.980,-0.270,0.0050,1.0100,0.0710
1790990935,25.7,-0.070,-0.250,85.990,-0.360,0.0060,1.0110,0.0710
1790991235,25.7,-0.120,-0.190,85.950,-0.300,0.0050,1.0110,0.0710
1790991535,25.6,-0.130,-0.220,85.940,-0.330,0.0060,1.0100,0.0720
1790991835,25.6,-0.130,-0.220,85.940,-0.340,0.0060,1.0110,0.0720
1790992135,25.5,-0.100,-0.140,85.970,-0.250,0.0040,1.0090,0.0710
1790992435,25.5,-0.130,-0.200,85.940,-0.310,0.0060,1.0110,0.0720
1790992735,25.4,-0.150,-0.190,85.920,-0.300,0.0050,1.0110,0.0720
1790993035,25.3,-0.220,-0.180,85.850,-0.290,0.0050,1.0110,0.0730
1790993335,25.3,-0.140,-0.170,85.930,-0.290,0.0050,1.0110,0.0720
1790993635,25.2,-0.090,-0.260,85.970,-0.370,0.0070,1.0110,0.0710
1790993935,25.2,-0.170,-0.230,85.900,-0.350,0.0060,1.0110,0.0720
1790994235,25.1,-0.140,-0.200,85.920,-0.310,0.0060,1.0110,0.0720
1790994535,25.1,-0.190,-0.230,85.870,-0.340,0.0060,1.0110,0.0730
1790994835,25.0,-0.150,-0.240,85.910,-0.350,0.0060,1.0110,0.0720
1790995135,24.9,-0.150,-0.190,85.910,-0.300,0.0050,1.0110,0.0720
1790995435,24.8,-0.180,-0.240,85.880,-0.360,0.0060,1.0110,0.0730
1790995735,24.8,-0.210,-0.220,85.860,-0.330,0.0060,1.0120,0.0730
1790996035,24.7,-0.210,-0.240,85.860,-0.350,0.0060,1.0110,0.0730
1790996335,24.6,-0.250,-0.180,85.820,-0.290,0.0050,1.0110,0.0740
1790996635,24.5,-0.210,-0.170,85.860,-0.280,0.0050,1.0110,0.0730
1790996935,24.5,-0.210,-0.190,85.860,-0.310,0.0050,1.0120,0.0730
1790997235,24.4,-0.260,-0.200,85.800,-0.310,0.0060,1.0110,0.0740
1790997535,24.3,-0.260,-0.180,85.800,-0.300,0.0050,1.0110,0.0740
1790997835,24.3,-0.240,-0.210,85.820,-0.330,0.0060,1.0120,0.0740
1790998135,24.2,-0.230,-0.240,85.830,-0.350,0.0060,1.0120,0.0730
1790998435,24.1,-0.270,-0.180,85.790,-0.300,0.0050,1.0120,0.0740
1790998735,24.0,-0.230,-0.200,85.840,-0.320,0.0060,1.0120,0.0730
1790999035,24.0,-0.290,-0.220,85.780,-0.340,0.0060,1.0120,0.0740
1790999335,23.9,-0.230,-0.170,85.840,-0.280,0.0050,1.0120,0.0730
1790999635,23.8,-0.300,-0.190,85.770,-0.300,0.0050,1.0120,0.0750
1790999935,23.7,-0.320,-0.210,85.740,-0.320,0.0060,1.0120,0.0750
1791000235,23.7,-0.310,-0.250,85.750,-0.370,0.0060,1.0120,0.0750
1791000535,23.6,-0.310,-0.190,85.750,-0.300,0.0050,1.0120,0.0750
1791000835,23.5,-0.310,-0.200,85.750,-0.310,0.0060,1.0130,0.0750
1791001135,23.4,-0.320,-0.210,85.740,-0.330,0.0060,1.0120,0.0750
1791001435,23.4,-0.360,-0.160,85.710,-0.270,0.0050,1.0120,0.0760
1791001735,23.3,-0.320,-0.190,85.740,-0.310,0.0050,1.0120,0.0750
1791002035,23.3,-0.360,-0.180,85.700,-0.290,0.0050,1.0110,0.0760
1791002335,23.2,-0.350,-0.200,85.720,-0.310,0.0060,1.0120,0.0760
1791002635,23.1,-0.380,-0.170,85.690,-0.280,0.0050,1.0120,0.0760
1791002935,23.1,-0.410,-0.200,85.660,-0.320,0.0060,1.0130,0.0770
1791003235,23.0,-0.360,-0.170,85.700,-0.280,0.0050,1.0120,0.0760
1791003535,22.9,-0.420,-0.190,85.650,-0.310,0.0050,1.0130,0.0770
1791003835,22.9,-0.430,-0.200,85.630,-0.310,0.0060,1.0140,0.0770
1791004135,22.8,-0.390,-0.240,85.670,-0.360,0.0060,1.0130,0.0760
1791004435,22.8,-0.410,-0.200,85.650,-0.310,0.0060,1.0130,0.0770
1791004735,22.7,-0.350,-0.210,85.720,-0.320,0.0060,1.0130,0.0760
1791005035,22.6,-0.380,-0.210,85.690,-0.320,0.0060,1.0120,0.0760
1791005335,22.6,-0.430,-0.190,85.640,-0.310,0.0050,1.0130,0.0770
1791005635,22.5,-0.420,-0.180,85.640,-0.300,0.0050,1.0130,0.0770
1791005935,22.4,-0.440,-0.230,85.620,-0.340,0.0060,1.0140,0.0770
1791006235,22.3,-0.430,-0.200,85.640,-0.310,0.0060,1.0140,0.0770
1791006535,22.3,-0.460,-0.170,85.610,-0.290,0.0050,1.0140,0.0780
1791006835,22.2,-0.470,-0.190,85.600,-0.300,0.0050,1.0140,0.0780
1791007135,22.1,-0.510,-0.150,85.560,-0.270,0.0050,1.0140,0.0790
1791007435,22.1,-0.490,-0.210,85.580,-0.320,0.0060,1.0140,0.0780
1791007735,22.0,-0.490,-0.170,85.570,-0.280,0.0050,1.0130,0.0780
1791008035,22.0,-0.540,-0.170,85.530,-0.290,0.0050,1.0130,0.0790
1791008335,21.9,-0.440,-0.210,85.620,-0.320,0.0060,1.0140,0.0770
1791008635,21.9,-0.420,-0.150,85.650,-0.270,0.0050,1.0130,0.0770
1791008935,21.8,-0.570,-0.140,85.500,-0.250,0.0050,1.0140,0.0800
1791009235,21.8,-0.520,-0.220,85.540,-0.330,0.0060,1.0130,0.0790
1791009535,21.8,-0.510,-0.210,85.560,-0.320,0.0060,1.0130,0.0780
1791009835,21.8,-0.530,-0.220,85.530,-0.330,0.0060,1.0140,0.0790
1791010135,21.8,-0.480,-0.180,85.590,-0.290,0.0050,1.0140,0.0780
1791010435,21.8,-0.480,-0.170,85.590,-0.290,0.0050,1.0140,0.0780
1791010735,21.8,-0.480,-0.210,85.580,-0.330,0.0060,1.0130,0.0780
1791011035,21.8,-0.460,-0.180,85.600,-0.290,0.0050,1.0140,0.0780
1791011335,22.0,-0.460,-0.240,85.610,-0.350,0.0060,1.0140,0.0780
1791011635,22.4,-0.370,-0.200,85.690,-0.310,0.0060,1.0130,0.0760
1791011935,22.7,-0.340,-0.190,85.730,-0.300,0.0050,1.0130,0.0760
1791012235,23.0,-0.270,-0.190,85.800,-0.310,0.0050,1.0130,0.0740
1791012535,23.4,-0.250,-0.220,85.810,-0.330,0.0060,1.0120,0.0740
1791012835,23.8,-0.250,-0.200,85.820,-0.320,0.0060,1.0120,0.0740
1791013135,24.2,-0.150,-0.200,85.920,-0.310,0.0060,1.0120,0.0720
1791013435,24.6,-0.100,-0.240,85.960,-0.350,0.0060,1.0110,0.0710
1791013735,25.1,0.020,-0.250,86.080,-0.360,0.0060,1.0120,0.0690
1791014035,25.5,0.030,-0.180,86.100,-0.290,0.0050,1.0110,0.0690
1791014335,25.9,-0.010,-0.240,86.050,-0.350,0.0060,1.0110,0.0700
1791014635,26.2,0.130,-0.250,86.190,-0.360,0.0060,1.0100,0.0670
1791014935,26.7,0.180,-0.260,86.240,-0.370,0.0070,1.0110,0.0660
1791015235,27.1,0.160,-0.210,86.220,-0.320,0.0060,1.0100,0.0660
1791015535,27.5,0.170,-0.260,86.220,-0.380,0.0070,1.0090,0.0660
1791015835,28.0,0.260,-0.190,86.320,-0.310,0.0050,1.0090,0.0650
1791016135,28.3,0.270,-0.210,86.330,-0.320,0.0060,1.0090,0.0640
1791016435,28.6,0.360,-0.210,86.430,-0.320,0.0060,1.0080,0.0630
1791016735,28.9,0.320,-0.230,86.380,-0.340,0.0060,1.0080,0.0630
1791017035,29.1,0.400,-0.220,86.470,-0.330,0.0060,1.0080,0.0620
1791017335,29.4,0.400,-0.220,86.460,-0.330,0.0060,1.0090,0.0620
1791017635,29.6,0.340,-0.220,86.400,-0.340,0.0060,1.0080,0.0630
1791017935,29.9,0.300,-0.220,86.370,-0.330,0.0060,1.0070,0.0640
1791018235,30.1,0.330,-0.260,86.390,-0.370,0.0070,1.0060,0.0630
1791018535,30.3,0.330,-0.260,86.390,-0.370,0.0070,1.0070,0.0630
1791018835,30.6,0.370,-0.230,86.430,-0.340,0.0060,1.0070,0.0630
1791019135,30.8,0.330,-0.200,86.390,-0.310,0.0060,1.0070,0.0630
1791019435,31.0,0.350,-0.230,86.410,-0.340,0.0060,1.0070,0.0630
1791019735,31.3,0.390,-0.210,86.460,-0.320,0.0060,1.0060,0.0620
1791020035,31.5,0.340,-0.240,86.400,-0.350,0.0060,1.0070,0.0630
1791020335,31.7,0.390,-0.260,86.450,-0.380,0.0070,1.0060,0.0620
1791020635,31.9,0.410,-0.190,86.470,-0.300,0.0050,1.0050,0.0620
1791020935,32.1,0.370,-0.220,86.430,-0.330,0.0060,1.0060,0.0630
1791021235,32.3,0.410,-0.230,86.470,-0.340,0.0060,1.0060,0.0620
1791021535,32.5,0.380,-0.250,86.440,-0.360,0.0060,1.0050,0.0620
1791021835,32.6,0.380,-0.250,86.440,-0.370,0.0060,1.0050,0.0620
1791022135,32.8,0.360,-0.210,86.420,-0.320,0.0060,1.0040,0.0630
1791022435,33.0,0.390,-0.240,86.450,-0.360,0.0060,1.0050,0.0620
1791022735,33.2,9.600,1.510,84.150,1.410,-0.0250,1.0220,-0.1020
1791023035,33.3,4.400,2.150,87.900,2.050,-0.0360,1.0090,-0.0080
1791023335,33.5,4.450,2.150,87.890,2.040,-0.0360,1.0080,-0.0090
1791023635,33.6,4.400,2.140,87.910,2.030,-0.0360,1.0090,-0.0080
1791023935,33.7,4.390,2.130,87.930,2.020,-0.0360,1.0090,-0.0080
1791024235,33.8,4.470,2.130,87.900,2.030,-0.0360,1.0080,-0.0100
1791024535,33.7,4.450,2.160,87.870,2.060,-0.0360,1.0080,-0.0090
1791024835,33.7,4.390,2.150,87.900,2.050,-0.0360,1.0080,-0.0080
1791025135,33.8,4.350,2.180,87.880,2.080,-0.0370,1.0090,-0.0080
1791025435,33.9,4.390,2.170,87.880,2.070,-0.0360,1.0080,-0.0080
1791025735,34.2,4.430,2.170,87.870,2.060,-0.0360,1.0080,-0.0090
1791026035,34.5,4.410,2.130,87.920,2.020,-0.0360,1.0080,-0.0090
1791026335,34.7,4.460,2.150,87.890,2.040,-0.0360,1.0070,-0.0090
1791026635,35.0,4.440,2.150,87.890,2.050,-0.0360,1.0070,-0.0090
1791026935,35.3,4.430,2.140,87.900,2.040,-0.0360,1.0080,-0.0090
1791027235,35.5,4.450,2.210,87.830,2.100,-0.0370,1.0070,-0.0090
1791027535,35.8,4.500,2.140,87.890,2.030,-0.0360,1.0080,-0.0100
1791027835,36.1,4.460,2.120,87.910,2.020,-0.0350,1.0070,-0.0090
1791028135,36.3,4.430,2.140,87.900,2.030,-0.0360,1.0070,-0.0090
1791028435,36.5,4.460,2.150,87.890,2.040,-0.0360,1.0070,-0.0090
1791028735,36.7,4.500,2.190,87.840,2.080,-0.0370,1.0060,-0.0100
1791029035,36.6,4.410,2.160,87.890,2.050,-0.0360,1.0070,-0.0090
1791029335,36.4,4.400,2.150,87.900,2.050,-0.0360,1.0070,-0.0080
1791029635,36.5,4.420,2.130,87.920,2.020,-0.0360,1.0080,-0.0090
1791029935,36.5,4.400,2.130,87.920,2.030,-0.0360,1.0070,-0.0080
1791030235,36.7,4.460,2.170,87.870,2.060,-0.0360,1.0070,-0.0090
1791030535,36.7,4.390,2.140,87.910,2.030,-0.0360,1.0070,-0.0080
1791030835,36.7,4.400,2.160,87.890,2.060,-0.0360,1.0070,-0.0080
1791031135,36.6,4.340,2.150,87.910,2.050,-0.0360,1.0080,-0.0070
1791031435,36.4,4.320,2.180,87.890,2.070,-0.0360,1.0070,-0.0070
1791031735,36.2,4.390,2.180,87.880,2.070,-0.0360,1.0080,-0.0080
1791032035,36.2,4.360,2.150,87.910,2.050,-0.0360,1.0080,-0.0080
1791032335,36.1,4.380,2.140,87.910,2.040,-0.0360,1.0080,-0.0080
1791032635,36.2,4.410,2.140,87.910,2.030,-0.0360,1.0080,-0.0080
1791032935,36.2,4.330,2.220,87.850,2.110,-0.0370,1.0070,-0.0070
1791033235,36.3,4.370,2.180,87.880,2.070,-0.0360,1.0070,-0.0080
1791033535,36.5,4.410,2.150,87.900,2.050,-0.0360,1.0060,-0.0090
1791033835,36.7,4.380,2.140,87.910,2.040,-0.0360,1.0070,-0.0080
1791034135,36.8,4.400,2.170,87.880,2.070,-0.0360,1.0070,-0.0080
1791034435,36.8,4.370,2.190,87.860,2.090,-0.0370,1.0080,-0.0080
1791034735,36.9,4.360,2.160,87.900,2.050,-0.0360,1.0070,-0.0080
1791035035,36.8,4.390,2.200,87.850,2.090,-0.0370,1.0080,-0.0080
1791035335,36.8,4.340,2.170,87.890,2.070,-0.0360,1.0070,-0.0070
1791035635,36.8,4.380,2.130,87.920,2.030,-0.0360,1.0080,-0.0080
1791035935,36.8,4.400,2.140,87.910,2.040,-0.0360,1.0070,-0.0080
1791036235,36.7,4.430,2.170,87.870,2.070,-0.0360,1.0080,-0.0090
1791036535,36.7,4.390,2.140,87.910,2.040,-0.0360,1.0080,-0.0080
1791036835,36.7,4.350,2.190,87.870,2.090,-0.0370,1.0080,-0.0070
1791037135,36.7,4.350,2.140,87.920,2.030,-0.0360,1.0080,-0.0070
1791037435,36.8,4.390,2.190,87.860,2.090,-0.0370,1.0070,-0.0080
1791037735,36.8,4.370,2.210,87.850,2.110,-0.0370,1.0080,-0.0080
1791038035,36.8,4.340,2.140,87.920,2.040,-0.0360,1.0070,-0.0070
1791038335,36.8,4.340,2.210,87.850,2.110,-0.0370,1.0080,-0.0070
1791038635,36.7,4.370,2.150,87.910,2.050,-0.0360,1.0070,-0.0080
1791038935,36.6,4.400,2.140,87.910,2.030,-0.0360,1.0090,-0.0080
1791039235,36.5,4.350,2.150,87.910,2.050,-0.0360,1.0070,-0.0070
1791039535,36.5,4.380,2.190,87.870,2.080,-0.0370,1.0080,-0.0080
1791039835,36.4,4.360,2.190,87.860,2.090,-0.0370,1.0070,-0.0080
1791040135,36.3,4.330,2.170,87.890,2.070,-0.0360,1.0080,-0.0070
1791040435,36.3,4.310,2.160,87.900,2.060,-0.0360,1.0080,-0.0070
1791040735,36.2,4.330,2.130,87.930,2.030,-0.0360,1.0070,-0.0070
1791041035,36.0,0.250,-0.250,86.310,-0.360,0.0060,1.0040,0.0640
1791041335,36.0,0.230,-0.230,86.290,-0.340,0.0060,1.0040,0.0650
1791041635,36.0,0.230,-0.250,86.290,-0.360,0.0060,1.0040,0.0650
1791041935,36.1,0.290,-0.240,86.350,-0.350,0.0060,1.0050,0.0640
1791042235,36.2,0.270,-0.230,86.330,-0.340,0.0060,1.0040,0.0640
1791042535,36.3,0.240,-0.260,86.290,-0.370,0.0070,1.0040,0.0650
1791042835,36.3,0.270,-0.250,86.330,-0.360,0.0060,1.0040,0.0640
1791043135,36.3,0.310,-0.330,86.360,-0.440,0.0080,1.0040,0.0630
1791043435,36.2,0.310,-0.270,86.370,-0.380,0.0070,1.0040,0.0630
1791043735,36.1,0.260,-0.260,86.310,-0.370,0.0070,1.0050,0.0640
1791044035,35.8,0.270,-0.260,86.330,-0.370,0.0070,1.0040,0.0640
1791044335,35.5,0.250,-0.230,86.310,-0.340,0.0060,1.0040,0.0650
1791044635,35.2,0.240,-0.250,86.300,-0.360,0.0060,1.0050,0.0650
1791044935,34.9,0.260,-0.200,86.320,-0.320,0.0060,1.0050,0.0640
1791045235,34.6,0.200,-0.250,86.260,-0.360,0.0060,1.0050,0.0650
1791045535,34.3,0.210,-0.220,86.270,-0.330,0.0060,1.0060,0.0650
1791045835,34.0,0.220,-0.250,86.280,-0.360,0.0060,1.0060,0.0650
1791046135,33.7,0.200,-0.220,86.260,-0.330,0.0060,1.0060,0.0650
1791046435,33.4,0.120,-0.200,86.190,-0.310,0.0050,1.0060,0.0670
1791046735,33.1,0.180,-0.210,86.250,-0.320,0.0060,1.0060,0.0660
1791047035,32.9,0.180,-0.210,86.240,-0.320,0.0060,1.0060,0.0660
1791047335,32.6,0.100,-0.230,86.160,-0.350,0.0060,1.0070,0.0670
1791047635,32.3,0.130,-0.240,86.190,-0.350,0.0060,1.0060,0.0670
1791047935,32.1,0.100,-0.200,86.160,-0.320,0.0060,1.0070,0.0670
1791048235,31.9,0.090,-0.200,86.150,-0.320,0.0060,1.0080,0.0680
1791048535,31.6,0.080,-0.200,86.140,-0.310,0.0050,1.0070,0.0680
1791048835,31.4,0.090,-0.220,86.150,-0.330,0.0060,1.0080,0.0680
1791049135,31.2,0.080,-0.330,86.130,-0.450,0.0080,1.0080,0.0680
1791049435,31.0,0.090,-0.200,86.150,-0.310,0.0060,1.0070,0.0670
1791049735,30.8,0.010,-0.230,86.070,-0.340,0.0060,1.0080,0.0690
1791050035,30.6,0.040,-0.210,86.110,-0.320,0.0060,1.0090,0.0680
1791050335,30.4,0.090,-0.240,86.150,-0.350,0.0060,1.0090,0.0680
1791050635,30.2,0.010,-0.190,86.080,-0.300,0.0050,1.0080,0.0690
1791050935,30.0,-0.020,-0.190,86.050,-0.300,0.0050,1.0080,0.0690
1791051235,29.8,0.000,-0.230,86.070,-0.340,0.0060,1.0090,0.0690
1791051535,29.6,0.030,-0.220,86.090,-0.330,0.0060,1.0090,0.0690
1791051835,29.5,0.010,-0.190,86.070,-0.310,0.0050,1.0090,0.0690
1791052135,29.4,-0.010,-0.260,86.050,-0.370,0.0070,1.0090,0.0690
1791052435,29.3,0.050,-0.200,86.110,-0.310,0.0050,1.0090,0.0680
1791052735,29.2,-0.040,-0.200,86.030,-0.310,0.0050,1.0090,0.0700
1791053035,28.9,-0.060,-0.200,86.000,-0.310,0.0050,1.0090,0.0700
