t,temp_c,roll,pitch,raw_roll,raw_pitch,ax,ay,az,steady,off_by,heater_mode,heater_on,heater_fan,cabin_c,bms_c
1790924982,24.4,-0.89,0.16,82.9,-0.68,0.012,1.016,-0.126,1,0.9,Off,0,0,16,17.4
1790924987,24.4,-0.92,0.16,82.93,-0.68,0.012,1.017,-0.125,1,0.93,Off,0,0,16,17.4
1790924992,24.4,-0.88,0.17,82.9,-0.67,0.012,1.016,-0.126,1,0.9,Off,0,0,16,17.4
1790924997,24.4,-0.88,0.16,82.89,-0.67,0.012,1.016,-0.126,1,0.89,Off,0,0,16,17.4
1790925002,24.4,-0.87,0.16,82.89,-0.68,0.012,1.016,-0.126,1,0.89,Off,0,0,16,17.3
1790925007,24.4,-0.88,0.17,82.89,-0.67,0.012,1.016,-0.126,1,0.89,Off,0,0,16,17.3
1790925012,24.4,-0.91,0.2,82.94,-0.63,0.011,1.015,-0.125,1,0.94,Off,0,0,16,17.3
1790925017,24.5,-0.87,0.15,82.89,-0.68,0.012,1.016,-0.126,1,0.88,Off,0,0,16,17.3
1790925022,24.4,-0.86,0.22,82.88,-0.62,0.011,1.016,-0.126,1,0.88,Air,1,0,11,17.3
1790925027,24.5,-0.85,0.16,82.87,-0.68,0.012,1.016,-0.127,1,0.86,Air,1,0,11,17.3
1790925032,24.5,-0.82,0.14,82.83,-0.69,0.012,1.017,-0.127,1,0.83,Air,1,0,11,17.3
1790925037,24.5,-0.89,0.18,82.91,-0.66,0.012,1.016,-0.126,1,0.91,Air,1,0,11,17.3
1790925042,24.5,-0.88,0.18,82.9,-0.66,0.012,1.015,-0.126,1,0.9,Air,1,0,11,17.4
1790925047,24.5,-0.84,0.17,82.86,-0.67,0.012,1.016,-0.127,1,0.86,Air,1,0,11,17.4
1790925052,24.5,-0.85,0.19,82.87,-0.65,0.012,1.017,-0.127,1,0.87,Air,1,0,11,17.4
1790925057,24.5,-0.84,0.18,82.86,-0.66,0.012,1.016,-0.127,1,0.86,Air,1,0,11,17.4
1790925062,24.5,-0.89,0.19,82.91,-0.65,0.012,1.017,-0.126,1,0.91,Air,1,0,11,17.4
1790925067,24.5,-0.86,0.15,82.88,-0.69,0.012,1.016,-0.126,1,0.88,Air,1,0,11,17.4
1790925072,24.5,-0.87,0.22,82.89,-0.62,0.011,1.016,-0.126,1,0.89,Air,1,0,11,17.4
1790925077,24.5,-0.93,0.19,82.95,-0.65,0.012,1.017,-0.125,1,0.94,Air,1,0,11,17.4
1790925082,24.5,-0.87,0.19,82.89,-0.64,0.012,1.016,-0.126,1,0.89,Air,1,0,11,17.4
1790925087,24.5,-0.88,0.2,82.9,-0.64,0.011,1.016,-0.126,1,0.9,Air,1,0,11,17.4
1790925092,24.5,-0.87,0.17,82.89,-0.67,0.012,1.017,-0.126,1,0.88,Air,1,0,11,17.4
1790925097,24.5,-0.94,0.21,82.97,-0.63,0.011,1.017,-0.125,1,0.97,Air,1,0,11,17.4
1790925102,24.5,-0.84,0.17,82.86,-0.66,0.012,1.016,-0.127,1,0.86,Water + air,1,0,11,17.4
1790925107,24.5,-0.84,0.2,82.86,-0.64,0.011,1.016,-0.127,1,0.86,Water + air,1,0,11,17.4
1790925112,24.5,-0.9,0.18,82.92,-0.66,0.012,1.016,-0.126,1,0.92,Water + air,1,0,11,17.4
1790925117,24.5,-0.85,0.15,82.87,-0.68,0.012,1.016,-0.126,1,0.87,Water + air,1,0,11,17.4
1790925122,24.5,-0.92,0.19,82.94,-0.65,0.012,1.016,-0.125,1,0.94,Water + air,1,0,11,17.4
1790925127,24.5,-0.89,0.16,82.91,-0.67,0.012,1.016,-0.126,1,0.91,Water + air,1,0,11,17.4
1790925132,24.5,-0.83,0.16,82.85,-0.68,0.012,1.017,-0.127,1,0.85,Water + air,1,0,11,17.4
1790925137,24.5,-0.94,0.15,82.95,-0.69,0.012,1.017,-0.125,1,0.95,Water + air,1,0,11,17.4
1790925142,24.5,-0.89,0.19,82.91,-0.65,0.012,1.017,-0.126,1,0.91,Water + air,1,0,11,17.4
1790925147,24.5,-0.86,0.18,82.88,-0.66,0.012,1.016,-0.126,1,0.88,Water + air,1,0,11,17.4
1790925152,24.5,-0.85,0.2,82.88,-0.63,0.011,1.016,-0.126,1,0.88,Water + air,1,0,11,17.4
1790925157,24.5,-0.92,0.2,82.94,-0.64,0.011,1.016,-0.125,1,0.94,Water + air,1,0,11,17.4
1790925162,24.5,-0.86,0.19,82.88,-0.65,0.012,1.016,-0.126,1,0.88,Water + air,1,0,11,17.4
1790925167,24.5,-0.83,0.16,82.85,-0.68,0.012,1.016,-0.127,1,0.85,Water + air,1,0,11,17.4
1790925172,24.5,-0.83,0.22,82.86,-0.62,0.011,1.017,-0.127,1,0.86,Water + air,1,0,11,17.4
1790925177,24.5,-0.81,0.19,82.83,-0.65,0.012,1.016,-0.127,1,0.83,Water + air,1,0,11,17.4
1790925190,24.5,-0.85,0.19,82.87,-0.64,0.012,1.016,-0.127,1,0.87,Water + air,1,0,11,17.4
1790925195,24.5,-0.91,0.16,82.92,-0.68,0.012,1.016,-0.126,1,0.92,Water + air,1,0,11,17.4
1790925200,24.5,-0.84,0.16,82.86,-0.68,0.012,1.017,-0.127,1,0.86,Water + air,1,0,11,17.4
1790925205,24.5,-0.81,0.21,82.83,-0.63,0.011,1.017,-0.127,1,0.83,Water + air,1,0,11,17.4
1790925210,24.6,-0.83,0.18,82.85,-0.66,0.012,1.016,-0.127,1,0.85,Water + air,1,0,11,17.4
1790925215,24.5,-0.88,0.18,82.9,-0.66,0.012,1.017,-0.126,1,0.89,Water + air,1,0,11,17.4
1790925220,24.6,-0.86,0.2,82.88,-0.64,0.011,1.016,-0.126,1,0.88,Water + air,1,0,11,17.4
1790925225,24.6,-0.89,0.17,82.91,-0.66,0.012,1.016,-0.126,1,0.91,Water + air,1,0,11,17.4
1790925230,24.6,-0.84,0.18,82.86,-0.66,0.012,1.017,-0.127,1,0.86,Water + air,1,0,11,17.4
1790925235,24.5,-0.9,0.19,82.92,-0.65,0.012,1.016,-0.126,1,0.92,Water + air,1,0,11,17.4
1790925240,24.6,-0.84,0.16,82.86,-0.68,0.012,1.016,-0.127,1,0.86,Water + air,1,0,11,17.4
1790925245,24.6,-0.81,0.18,82.83,-0.66,0.012,1.016,-0.127,1,0.83,Water + air,1,0,11,17.4
1790925250,24.6,-0.88,0.17,82.9,-0.67,0.012,1.016,-0.126,1,0.89,Water + air,1,0,11,17.4
1790925255,24.6,-0.9,0.17,82.92,-0.67,0.012,1.016,-0.126,1,0.92,Water + air,1,0,11,17.4
1790925260,24.6,-0.87,0.17,82.89,-0.67,0.012,1.016,-0.126,1,0.89,Water + air,1,0,11,17.4
1790925265,24.6,-0.8,0.14,82.82,-0.69,0.012,1.016,-0.128,1,0.81,Water + air,1,0,11,17.4
1790925270,24.6,-0.85,0.17,82.87,-0.67,0.012,1.016,-0.127,1,0.87,Water + air,1,0,11,17.4
1790925275,24.6,-0.83,0.17,82.85,-0.67,0.012,1.017,-0.127,1,0.85,Water + air,1,0,11,17.4
1790925280,24.6,-0.85,0.16,82.86,-0.68,0.012,1.017,-0.127,1,0.86,Water + air,1,0,11,17.4
1790925285,24.6,-0.87,0.16,82.89,-0.67,0.012,1.016,-0.126,1,0.89,Water + air,1,0,11,17.4
1790925290,24.6,-0.88,0.19,82.9,-0.64,0.012,1.017,-0.126,1,0.9,Water + air,1,0,11,17.4
1790925295,24.6,-0.84,0.18,82.86,-0.66,0.012,1.016,-0.127,1,0.86,Water + air,1,0,11,17.4
1790925300,24.6,-0.84,0.23,82.86,-0.61,0.011,1.016,-0.127,1,0.87,Water + air,1,0,11,17.4
1790925305,24.6,-0.82,0.16,82.83,-0.67,0.012,1.016,-0.127,1,0.83,Water + air,1,0,11,17.4
1790925310,24.6,-0.84,0.16,82.85,-0.68,0.012,1.016,-0.127,1,0.85,Water + air,1,0,11,17.4
1790925315,24.6,-0.8,0.19,82.83,-0.64,0.012,1.016,-0.127,1,0.83,Water + air,1,0,11,17.4
1790925320,24.6,-0.83,0.15,82.85,-0.68,0.012,1.016,-0.127,1,0.84,Water + air,1,0,11,17.4
1790925325,24.6,-0.85,0.16,82.87,-0.68,0.012,1.017,-0.127,1,0.86,Water + air,1,0,11,17.4
1790925330,24.6,-0.83,0.15,82.85,-0.69,0.012,1.016,-0.127,1,0.85,Water + air,1,0,11,17.4
1790925335,24.7,-0.86,0.16,82.88,-0.68,0.012,1.016,-0.126,1,0.87,Water + air,1,0,11,17.4
1790925340,24.7,-0.82,0.18,82.84,-0.66,0.012,1.016,-0.127,1,0.84,Water + air,1,0,11,17.4
1790925345,24.6,-0.84,0.18,82.86,-0.66,0.012,1.016,-0.127,1,0.86,Water + air,1,0,11,17.4
1790925350,24.7,-0.86,0.17,82.87,-0.67,0.012,1.015,-0.126,1,0.87,Water + air,1,0,11,17.4
1790925355,24.7,-0.82,0.18,82.84,-0.66,0.012,1.016,-0.127,1,0.84,Water + air,1,0,11,17.4
1790925360,24.7,-0.84,0.15,82.86,-0.69,0.012,1.016,-0.127,1,0.86,Water + air,1,0,11,17.4
1790925365,24.7,-0.89,0.17,82.91,-0.66,0.012,1.016,-0.126,1,0.9,Water + air,1,0,11,17.4
1790925370,24.7,-0.82,0.15,82.84,-0.69,0.012,1.016,-0.127,1,0.83,Water + air,1,0,11,17.4
1790925375,24.7,-0.86,0.16,82.88,-0.68,0.012,1.016,-0.126,1,0.87,Water + air,1,0,11,17.4
1790925380,24.7,-0.83,0.14,82.84,-0.7,0.013,1.017,-0.127,1,0.84,Water + air,1,0,11,17.4
1790925385,24.7,-0.84,0.18,82.86,-0.65,0.012,1.017,-0.127,1,0.86,Water + air,1,0,11,17.4
1790925390,24.7,-0.85,0.16,82.87,-0.68,0.012,1.017,-0.127,1,0.86,Water + air,1,0,11,17.4
1790925395,24.7,-0.8,0.23,82.82,-0.6,0.011,1.016,-0.128,1,0.83,Water + air,1,0,11,17.4
1790925400,24.7,-0.8,0.2,82.82,-0.64,0.011,1.016,-0.128,1,0.82,Water + air,1,0,11,17.4
1790925405,24.7,-0.84,0.13,82.85,-0.71,0.013,1.016,-0.127,1,0.85,Water + air,1,0,11,17.4
1790925410,24.7,-0.81,0.15,82.83,-0.68,0.012,1.017,-0.127,1,0.83,Water + air,1,0,11,17.4
1790925415,24.8,-0.76,0.21,82.78,-0.62,0.011,1.017,-0.128,1,0.79,Water + air,1,0,11,17.4
1790925420,24.8,-0.81,0.19,82.84,-0.65,0.012,1.016,-0.127,1,0.84,Water + air,1,0,11,17.4
1790925425,24.8,-0.76,0.18,82.78,-0.65,0.012,1.016,-0.128,1,0.78,Water + air,1,0,11,17.4
1790925430,24.8,-0.77,0.19,82.79,-0.64,0.012,1.016,-0.128,1,0.79,Water + air,1,0,11,17.4
1790925435,24.8,-0.82,0.2,82.84,-0.64,0.011,1.016,-0.127,1,0.84,Water + air,1,0,11,17.4
1790925440,24.8,-0.78,0.14,82.8,-0.69,0.012,1.016,-0.128,1,0.8,Water + air,1,0,11,17.4
1790925445,24.9,-0.8,0.18,82.82,-0.66,0.012,1.016,-0.127,1,0.82,Water + air,1,0,11,17.4
1790925450,24.9,-0.79,0.18,82.81,-0.66,0.012,1.016,-0.128,1,0.81,Water + air,1,0,11,17.4
1790925455,24.9,-0.85,0.17,82.87,-0.66,0.012,1.015,-0.126,1,0.87,Water + air,1,0,11,17.4
1790925460,24.9,-0.81,0.18,82.83,-0.65,0.012,1.016,-0.127,1,0.83,Water + air,1,0,11,17.4
1790925465,24.9,-0.82,0.17,82.84,-0.67,0.012,1.016,-0.127,1,0.84,Water + air,1,0,11,17.4
1790925470,24.9,-0.76,0.17,82.78,-0.66,0.012,1.015,-0.128,1,0.78,Water + air,1,0,11,17.4
1790925475,24.9,-0.82,0.14,82.83,-0.7,0.013,1.017,-0.127,1,0.83,Water + air,1,0,11,17.4
1790925480,24.9,-0.76,0.18,82.79,-0.65,0.012,1.016,-0.128,1,0.79,Water + air,1,0,11,17.4
1790925485,25.0,-0.74,0.14,82.76,-0.69,0.012,1.017,-0.129,1,0.76,Water + air,1,0,11,17.4
1790925490,25.0,-0.8,0.19,82.83,-0.65,0.012,1.016,-0.127,1,0.83,Water + air,1,0,11,17.4
1790925503,25.0,-0.79,0.14,82.8,-0.69,0.012,1.016,-0.128,1,0.8,Water + air,1,0,11,17.4
1790925508,25.0,-0.77,0.18,82.79,-0.66,0.012,1.016,-0.128,1,0.79,Water + air,1,0,11,17.4
1790925513,25.0,-0.79,0.18,82.81,-0.66,0.012,1.017,-0.128,1,0.81,Water + air,1,0,11,17.4
1790925518,25.1,-0.74,0.14,82.75,-0.7,0.012,1.016,-0.129,1,0.75,Water + air,1,0,11,17.4
1790925523,25.1,-0.76,0.18,82.78,-0.66,0.012,1.016,-0.128,1,0.78,Water + air,1,0,11,17.4
1790925528,25.1,-0.75,0.19,82.77,-0.65,0.012,1.015,-0.128,1,0.77,Water + air,1,0,11,17.4
1790925533,25.1,-0.68,0.16,82.7,-0.68,0.012,1.015,-0.13,1,0.7,Water + air,1,0,11,17.4
1790925538,25.1,-0.78,0.15,82.79,-0.69,0.012,1.016,-0.128,1,0.79,Water + air,1,0,11,17.4
1790925543,25.1,-0.77,0.22,82.79,-0.62,0.011,1.015,-0.128,1,0.8,Water + air,1,0,11,17.4
1790925548,25.1,-0.75,0.17,82.77,-0.67,0.012,1.016,-0.128,1,0.77,Water + air,1,0,11,17.4
1790925553,25.2,-0.78,0.22,82.81,-0.62,0.011,1.016,-0.128,1,0.81,Water + air,1,0,11,17.4
1790925558,25.2,-0.73,0.11,82.75,-0.72,0.013,1.015,-0.129,1,0.74,Water + air,1,0,11,17.4
1790925563,25.2,-0.76,0.18,82.78,-0.66,0.012,1.015,-0.128,1,0.78,Water + air,1,0,11,17.4
1790925568,25.2,-0.75,-0.09,82.74,-0.92,0.017,1.018,-0.129,1,0.76,Water + air,1,0,11,17.4
1790925573,25.2,-0.7,0.13,82.72,-0.71,0.013,1.016,-0.129,1,0.72,Water + air,1,0,11,17.4
1790925578,25.2,-0.69,0.16,82.71,-0.67,0.012,1.016,-0.129,1,0.71,Water + air,1,0,11,17.4
1790925583,25.3,-0.73,0.17,82.75,-0.67,0.012,1.016,-0.129,1,0.75,Water + air,1,0,11,17.4
1790925588,25.3,-0.69,0.18,82.71,-0.66,0.012,1.015,-0.129,1,0.71,Water + air,1,0,11,17.4
1790925593,25.3,-0.73,0.2,82.75,-0.63,0.011,1.016,-0.129,1,0.76,Water + air,1,0,11,17.4
1790925598,25.3,-0.7,0.14,82.72,-0.7,0.012,1.016,-0.129,1,0.71,Water + air,1,0,11,17.4
1790925603,25.3,-0.75,0.16,82.77,-0.68,0.012,1.016,-0.128,1,0.77,Water + air,1,0,11,17.4
1790925608,25.4,-0.68,0.16,82.7,-0.68,0.012,1.016,-0.13,1,0.7,Water + air,1,0,11,17.4
1790925613,25.4,-0.73,0.07,82.74,-0.77,0.014,1.017,-0.129,1,0.73,Water + air,1,0,11,17.4
1790925618,25.5,-0.72,0.21,82.74,-0.63,0.011,1.015,-0.129,1,0.75,Water + air,1,0,11,17.4
1790925623,25.5,-0.7,0.08,82.71,-0.76,0.014,1.016,-0.129,1,0.7,Water + air,1,0,11,17.4
1790925628,25.5,-0.7,0.08,82.71,-0.75,0.013,1.016,-0.129,1,0.71,Water + air,1,0,11,17.4
1790925633,25.5,-0.68,0.26,82.71,-0.58,0.01,1.015,-0.129,1,0.73,Water + air,1,0,11,17.4
1790925638,25.6,-0.67,0.15,82.69,-0.68,0.012,1.016,-0.13,1,0.69,Water + air,1,0,11,17.4
1790925643,25.6,-0.65,0.08,82.66,-0.75,0.013,1.016,-0.13,1,0.66,Water + air,1,0,11,17.4
1790925648,25.6,-0.7,0.15,82.72,-0.69,0.012,1.015,-0.129,1,0.72,Water + air,1,0,11,17.4
1790925653,25.7,-0.69,0.08,82.7,-0.76,0.014,1.015,-0.129,1,0.7,Water + air,1,0,11,17.4
1790925658,25.7,-0.64,0.22,82.67,-0.61,0.011,1.015,-0.13,1,0.68,Water + air,1,0,11,17.4
1790925663,25.7,-0.65,0.1,82.66,-0.74,0.013,1.016,-0.13,1,0.66,Water + air,1,0,11,17.4
1790925668,25.8,-0.64,0.14,82.66,-0.7,0.012,1.015,-0.13,1,0.66,Water + air,1,0,11,17.4
1790925673,25.8,-0.68,0.19,82.7,-0.65,0.012,1.015,-0.13,1,0.71,Water + air,1,0,11,17.4
1790925678,25.8,-0.66,0.11,82.67,-0.72,0.013,1.016,-0.13,1,0.67,Water + air,1,0,11,17.4
1790925683,25.8,-0.65,0.2,82.67,-0.64,0.011,1.016,-0.13,1,0.68,Water + air,1,0,11,17.4
1790925688,25.9,-0.64,0.13,82.66,-0.7,0.013,1.015,-0.13,1,0.66,Water + air,1,0,11,17.4
1790925693,25.9,-0.62,0.17,82.64,-0.66,0.012,1.016,-0.131,1,0.64,Water + air,1,0,11,17.4
1790925698,25.9,-0.62,0.16,82.64,-0.68,0.012,1.015,-0.131,1,0.64,Water + air,1,0,11,17.4
1790925703,26.0,-0.63,0.15,82.64,-0.69,0.012,1.015,-0.13,1,0.64,Water + air,1,0,11,17.4
1790925708,26.0,-0.63,0.08,82.64,-0.76,0.014,1.016,-0.131,1,0.63,Water + air,1,0,11,17.4
1790925713,26.0,-0.65,0.1,82.66,-0.73,0.013,1.016,-0.13,1,0.65,Water + air,1,0,11,17.4
1790925718,26.0,-0.6,0.12,82.61,-0.71,0.013,1.015,-0.131,1,0.61,Water + air,1,0,11,17.4
1790925723,26.1,-0.6,0.15,82.62,-0.68,0.012,1.015,-0.131,1,0.62,Water + air,1,0,11,17.4
1790925728,26.1,-0.61,0.15,82.63,-0.69,0.012,1.015,-0.131,1,0.63,Water + air,1,0,11,17.4
1790925733,26.1,-0.61,0.15,82.63,-0.69,0.012,1.015,-0.131,1,0.63,Water + air,1,0,11,17.4
1790925738,26.2,-0.54,0.13,82.55,-0.7,0.012,1.015,-0.132,1,0.55,Water + air,1,0,11,17.4
1790925743,26.2,-0.65,0.11,82.67,-0.73,0.013,1.016,-0.13,1,0.66,Water + air,1,0,11,17.4
1790925748,26.2,-0.57,0.16,82.59,-0.68,0.012,1.015,-0.131,1,0.59,Water + air,1,0,11,17.4
1790925753,26.2,-0.63,0.17,82.65,-0.66,0.012,1.016,-0.13,1,0.65,Water + air,1,0,11,17.4
1790925758,26.3,-0.5,0.18,82.53,-0.65,0.012,1.015,-0.133,1,0.54,Water + air,1,0,11,17.4
1790925763,26.3,-0.53,0.19,82.55,-0.65,0.012,1.015,-0.132,1,0.56,Water + air,1,0,11,17.4
1790925768,26.3,-0.6,0.1,82.61,-0.74,0.013,1.015,-0.131,1,0.6,Water + air,1,0,11,17.4
1790925773,26.3,-0.61,0.14,82.63,-0.69,0.012,1.015,-0.131,1,0.63,Water + air,1,0,11,17.4
1790925778,26.4,-0.53,0.16,82.55,-0.68,0.012,1.016,-0.132,1,0.55,Water + air,1,0,11,17.4
1790925783,26.4,-0.52,0.14,82.53,-0.7,0.012,1.015,-0.132,1,0.54,Water + air,1,0,11,17.4
1790925788,26.4,-0.52,0.18,82.54,-0.66,0.012,1.015,-0.132,1,0.55,Water + air,1,0,11,17.4
1790925793,26.5,-0.55,0.12,82.57,-0.71,0.013,1.015,-0.132,1,0.57,Water + air,1,0,11,17.4
1790925798,26.5,-0.59,0.1,82.61,-0.73,0.013,1.015,-0.131,1,0.6,Water + air,1,0,11,17.4
1790925803,26.5,-0.54,0.16,82.56,-0.68,0.012,1.015,-0.132,1,0.56,Water + air,1,0,11,17.4
1790925817,26.6,-0.54,0.16,82.56,-0.67,0.012,1.015,-0.132,1,0.56,Water + air,1,0,11,17.4
1790925822,26.6,-0.5,0.17,82.52,-0.67,0.012,1.014,-0.133,1,0.53,Water + air,1,0,11,17.4
1790925827,26.7,-0.49,0.11,82.5,-0.72,0.013,1.015,-0.133,1,0.5,Water + air,1,0,11,17.4
1790925832,26.7,-0.5,0.1,82.52,-0.73,0.013,1.014,-0.133,1,0.51,Water + air,1,0,11,17.4
1790925837,26.7,-0.43,0.15,82.45,-0.68,0.012,1.014,-0.134,1,0.45,Water + air,1,0,11,17.4
1790925842,26.8,-0.48,0.12,82.49,-0.71,0.013,1.015,-0.133,1,0.49,Water + air,1,0,11,17.4
1790925847,26.8,-0.44,0.18,82.46,-0.66,0.012,1.014,-0.134,1,0.47,Water + air,1,0,11,17.4
1790925852,26.8,-0.49,0.12,82.5,-0.72,0.013,1.014,-0.133,1,0.5,Water + air,1,0,11,17.4
1790925857,26.9,-0.43,0.13,82.44,-0.7,0.013,1.015,-0.134,1,0.44,Water + air,1,0,11,17.4
1790925862,26.9,-0.47,0.14,82.48,-0.69,0.012,1.014,-0.133,1,0.49,Water + air,1,0,11,17.4
1790925867,26.9,-0.47,0.16,82.49,-0.67,0.012,1.015,-0.133,1,0.49,Water + air,1,0,11,17.4
1790925872,26.9,-0.44,0.11,82.45,-0.73,0.013,1.014,-0.134,1,0.45,Water + air,1,0,11,17.4
1790925877,27.0,-0.48,0.14,82.5,-0.69,0.012,1.014,-0.133,1,0.5,Water + air,1,0,11,17.4
1790925882,27.0,-0.48,0.16,82.5,-0.67,0.012,1.015,-0.133,1,0.51,Water + air,1,0,11,17.4
1790925887,27.0,-0.48,0.11,82.49,-0.72,0.013,1.015,-0.133,1,0.49,Water + air,1,0,11,17.4
1790925892,27.1,-0.44,0.19,82.46,-0.65,0.012,1.014,-0.134,1,0.47,Water + air,1,0,11,17.4
1790925897,27.1,-0.42,0.15,82.44,-0.68,0.012,1.014,-0.134,1,0.44,Water + air,1,0,11,17.4
1790925902,27.1,-0.47,0.09,82.49,-0.74,0.013,1.014,-0.133,1,0.48,Water + air,1,0,11,17.4
1790925907,27.2,-0.42,0.15,82.44,-0.68,0.012,1.014,-0.134,1,0.44,Water + air,1,0,11,17.4
1790925912,27.2,-0.43,0.11,82.44,-0.72,0.013,1.014,-0.134,1,0.44,Water + air,1,0,11,17.4
1790925917,27.2,-0.4,0.16,82.42,-0.67,0.012,1.014,-0.134,1,0.43,Water + air,1,0,11,17.4
1790925922,27.2,-0.42,0.13,82.44,-0.7,0.012,1.014,-0.134,1,0.44,Water + air,1,0,11,17.4
1790925927,27.3,-0.42,0.13,82.44,-0.7,0.013,1.014,-0.134,1,0.44,Water + air,1,0,11,17.4
1790925932,27.3,-0.45,0.13,82.47,-0.7,0.012,1.014,-0.134,1,0.47,Water + air,1,0,11,17.4
1790925937,27.3,-0.42,0.15,82.44,-0.68,0.012,1.014,-0.134,1,0.45,Water + air,1,0,11,17.4
1790925942,27.4,-0.4,0.1,82.42,-0.73,0.013,1.014,-0.134,1,0.41,Water + air,1,0,11,17.4
1790925947,27.4,-0.39,0.13,82.41,-0.7,0.013,1.015,-0.135,1,0.41,Water + air,1,0,11,17.4
1790925952,27.4,-0.38,0.12,82.4,-0.71,0.013,1.014,-0.135,1,0.4,Water + air,1,0,11,17.4
1790925957,27.4,-0.44,0.14,82.46,-0.69,0.012,1.014,-0.134,1,0.46,Water + air,1,0,11,17.4
1790925962,27.5,-0.39,0.16,82.41,-0.67,0.012,1.015,-0.135,1,0.42,Water + air,1,0,11,17.4
1790925967,27.5,-0.45,0.15,82.47,-0.68,0.012,1.013,-0.133,1,0.47,Water + air,1,0,11,17.4
1790925972,27.5,-0.43,0.16,82.46,-0.67,0.012,1.014,-0.134,1,0.46,Water + air,1,0,11,17.4
1790925977,27.6,-0.4,0.1,82.41,-0.73,0.013,1.014,-0.134,1,0.41,Water + air,1,0,11,17.4
1790925982,27.6,-0.39,0.12,82.41,-0.71,0.013,1.014,-0.134,1,0.41,Water + air,1,0,11,17.4
1790925987,27.6,-0.36,0.17,82.38,-0.66,0.012,1.015,-0.135,1,0.4,Water + air,1,0,11,17.4
1790925992,27.7,-0.4,0.12,82.42,-0.71,0.013,1.013,-0.134,1,0.42,Water + air,1,0,11,17.4
1790925997,27.7,-0.34,0.13,82.36,-0.7,0.012,1.013,-0.135,1,0.37,Water + air,1,0,11,17.4
1790926002,27.7,-0.36,0.17,82.38,-0.66,0.012,1.014,-0.135,1,0.4,Water + air,1,0,11,17.4
1790926007,27.8,-0.4,0.14,82.42,-0.69,0.012,1.015,-0.135,1,0.42,Water + air,1,0,11,17.4
1790926012,27.8,-0.33,0.14,82.35,-0.69,0.012,1.015,-0.136,1,0.36,Water + air,1,0,11,17.4
1790926017,27.8,-0.35,0.08,82.36,-0.75,0.013,1.014,-0.135,1,0.36,Water + air,1,0,11,17.4
1790926022,27.9,-0.32,0.14,82.34,-0.69,0.012,1.014,-0.136,1,0.35,Water + air,1,0,11,17.4
1790926027,27.9,-0.37,0.14,82.39,-0.69,0.012,1.014,-0.135,1,0.39,Water + air,1,0,11,17.4
1790926032,27.9,-0.34,0.15,82.36,-0.68,0.012,1.014,-0.135,1,0.38,Water + air,1,0,11,17.4
1790926037,28.0,-0.39,0.2,82.41,-0.63,0.011,1.013,-0.135,1,0.44,Water + air,1,0,11,17.4
1790926042,28.0,-0.37,0.13,82.39,-0.7,0.013,1.015,-0.135,1,0.4,Water + air,1,0,11,17.4
1790926047,28.0,-0.31,0.15,82.33,-0.68,0.012,1.013,-0.136,1,0.35,Water + air,1,0,11,17.4
1790926052,28.1,-0.32,0.2,82.34,-0.63,0.011,1.014,-0.136,1,0.37,Water + air,1,0,11,17.4
1790926057,28.1,-0.32,0.19,82.34,-0.64,0.011,1.013,-0.136,1,0.37,Water + air,1,0,11,17.4
1790926062,28.1,-0.27,0.14,82.29,-0.69,0.012,1.013,-0.137,1,0.3,Water + air,1,0,11,17.4
1790926067,28.1,-0.33,0.16,82.35,-0.67,0.012,1.014,-0.136,1,0.36,Water + air,1,0,11,17.4
1790926072,28.2,-0.34,0.14,82.36,-0.69,0.012,1.013,-0.135,1,0.36,Water + air,1,0,11,17.4
1790926077,28.2,-0.31,0.13,82.33,-0.7,0.012,1.013,-0.136,1,0.34,Water + air,1,0,11,17.4
1790926082,28.2,-0.3,0.11,82.31,-0.72,0.013,1.013,-0.136,1,0.31,Water + air,1,0,11,17.4
1790926087,28.3,-0.28,0.15,82.3,-0.67,0.012,1.014,-0.136,1,0.32,Water + air,1,0,11,17.4
1790926092,28.3,-0.29,0.14,82.31,-0.69,0.012,1.014,-0.136,1,0.32,Water + air,1,0,11,17.4
1790926097,28.3,-0.28,0.1,82.3,-0.73,0.013,1.014,-0.137,1,0.3,Water + air,1,0,11,17.4
1790926102,28.4,-0.25,0.13,82.27,-0.7,0.012,1.014,-0.137,1,0.28,Water + air,1,0,11,17.4
1790926107,28.4,-0.26,0.16,82.28,-0.66,0.012,1.013,-0.137,1,0.31,Water + air,1,0,11,17.4
1790926112,28.4,-0.27,0.14,82.29,-0.69,0.012,1.013,-0.137,1,0.31,Water + air,1,0,11,17.4
1790926117,28.5,-0.32,0.19,82.34,-0.64,0.011,1.013,-0.136,1,0.37,Water + air,1,0,11,17.4
1790926130,28.5,-0.26,0.16,82.28,-0.67,0.012,1.014,-0.137,1,0.3,Water + air,1,0,11,17.4
1790926135,28.5,-0.25,0.18,82.27,-0.65,0.012,1.013,-0.137,1,0.3,Water + air,1,0,11,17.4
1790926140,28.6,-0.25,0.11,82.26,-0.72,0.013,1.013,-0.137,1,0.27,Water + air,1,0,11,17.4
1790926145,28.6,-0.27,0.14,82.28,-0.69,0.012,1.014,-0.137,1,0.3,Water + air,1,0,11,17.4
1790926150,28.6,-0.29,0.18,82.32,-0.65,0.012,1.013,-0.136,1,0.34,Water + air,1,0,11,17.4
1790926155,28.6,-0.31,0.17,82.33,-0.66,0.012,1.013,-0.136,1,0.35,Water + air,1,0,11,17.4
1790926160,28.7,-0.18,0.12,82.19,-0.71,0.013,1.013,-0.138,1,0.21,Water + air,1,0,11,17.3
1790926165,28.7,-0.24,0.13,82.25,-0.7,0.012,1.014,-0.137,1,0.27,Water + air,1,0,11,17.3
1790926170,28.7,-0.23,0.11,82.25,-0.71,0.013,1.013,-0.137,1,0.26,Water + air,1,0,11,17.3
1790926175,28.8,-0.22,0.15,82.24,-0.68,0.012,1.012,-0.137,1,0.26,Water + air,1,0,11,17.3
1790926180,28.8,-0.27,0.14,82.29,-0.68,0.012,1.013,-0.137,1,0.3,Water + air,1,0,11,17.3
1790926185,28.8,-0.3,0.13,82.32,-0.7,0.012,1.013,-0.136,1,0.33,Water + air,1,0,11,17.3
1790926190,28.8,-0.25,0.15,82.27,-0.68,0.012,1.013,-0.137,1,0.29,Water + air,1,0,11,17.3
1790926195,28.9,-0.24,0.14,82.25,-0.69,0.012,1.014,-0.137,1,0.27,Water + air,1,0,11,17.3
1790926200,28.9,-0.17,0.13,82.18,-0.69,0.012,1.013,-0.138,1,0.21,Water + air,1,0,11,17.3
1790926205,28.9,-0.21,0.12,82.22,-0.71,0.013,1.013,-0.138,1,0.24,Water + air,1,0,11,17.3
1790926210,29.0,-0.21,0.17,82.24,-0.65,0.012,1.013,-0.138,1,0.28,Water + air,1,0,11,17.3
1790926215,29.0,-0.22,0.18,82.24,-0.65,0.012,1.013,-0.137,1,0.28,Water + air,1,0,11,17.3
1790926220,29.0,-0.23,0.14,82.25,-0.69,0.012,1.012,-0.137,1,0.27,Water + air,1,0,11,17.3
1790926225,29.0,-0.23,0.14,82.25,-0.69,0.012,1.013,-0.137,1,0.27,Water + air,1,0,11,17.3
1790926230,29.1,-0.24,0.1,82.26,-0.73,0.013,1.013,-0.137,1,0.26,Water + air,1,0,11,17.3
1790926235,29.1,-0.24,0.15,82.26,-0.68,0.012,1.013,-0.137,1,0.28,Water + air,1,0,11,17.3
1790926240,29.1,-0.21,0.13,82.23,-0.7,0.013,1.012,-0.138,1,0.25,Water + air,1,0,11,17.3
1790926245,29.1,-0.23,0.14,82.25,-0.69,0.012,1.013,-0.137,1,0.27,Water + air,1,0,11,17.3
1790926250,29.2,-0.19,0.16,82.21,-0.67,0.012,1.013,-0.138,1,0.24,Water + air,1,0,11,17.3
1790926255,29.2,-0.13,0.1,82.14,-0.72,0.013,1.013,-0.139,1,0.16,Water + air,1,0,11,17.3
1790926260,29.2,-0.21,0.13,82.22,-0.69,0.012,1.012,-0.138,1,0.24,Water + air,1,0,11,17.3
1790926265,29.3,-0.14,0.14,82.16,-0.68,0.012,1.013,-0.139,1,0.2,Water + air,1,0,11,17.3
1790926270,29.3,-0.15,0.15,82.17,-0.67,0.012,1.013,-0.139,1,0.21,Water + air,1,0,11,17.3
1790926275,29.3,-0.15,0.15,82.17,-0.67,0.012,1.013,-0.139,1,0.22,Water + air,1,0,11,17.3
1790926280,29.4,-0.17,0.18,82.2,-0.65,0.012,1.013,-0.138,1,0.25,Water + air,1,0,11,17.3
1790926285,29.4,-0.18,0.08,82.19,-0.75,0.013,1.012,-0.138,1,0.2,Water + air,1,0,11,17.3
1790926290,29.4,-0.14,0.16,82.16,-0.67,0.012,1.013,-0.139,1,0.21,Water + air,1,0,11,17.3
1790926295,29.5,-0.2,0.09,82.21,-0.74,0.013,1.013,-0.138,1,0.22,Water + air,1,0,11,17.3
1790926300,29.5,-0.13,0.15,82.15,-0.68,0.012,1.012,-0.139,1,0.2,Water + air,1,0,11,17.3
1790926305,29.5,-0.1,0.1,82.12,-0.73,0.013,1.012,-0.139,1,0.14,Water + air,1,0,11,17.3
1790926310,29.5,-0.11,0.12,82.13,-0.7,0.013,1.012,-0.139,1,0.17,Water + air,1,0,11,17.3
1790926315,29.6,-0.13,0.14,82.15,-0.69,0.012,1.012,-0.139,1,0.19,Water + air,1,0,11,17.3
1790926320,29.6,-0.11,0.16,82.13,-0.66,0.012,1.011,-0.139,1,0.19,Water + air,1,0,11,18.0
1790926325,29.6,-0.13,0.15,82.15,-0.68,0.012,1.012,-0.139,1,0.19,Water + air,1,0,11,18.0
1790926330,29.6,-0.12,0.11,82.14,-0.71,0.013,1.012,-0.139,1,0.17,Water + air,1,0,11,18.0
1790926335,29.6,-0.15,0.14,82.17,-0.69,0.012,1.012,-0.138,1,0.21,Water + air,1,0,11,18.0
1790926340,29.7,-0.14,0.11,82.16,-0.72,0.013,1.012,-0.139,1,0.18,Water + air,1,0,11,18.0
1790926345,29.7,-0.14,0.11,82.16,-0.72,0.013,1.012,-0.139,1,0.18,Water + air,1,0,11,18.0
1790926350,29.8,-0.19,0.15,82.21,-0.68,0.012,1.012,-0.138,1,0.24,Water + air,1,0,11,18.0
1790926355,29.8,-0.14,0.16,82.16,-0.67,0.012,1.012,-0.139,1,0.21,Water + air,1,0,11,18.0
1790926360,29.8,-0.14,0.11,82.15,-0.72,0.013,1.012,-0.139,1,0.18,Water + air,1,0,11,18.0
1790926365,29.8,-0.12,0.16,82.15,-0.66,0.012,1.012,-0.139,1,0.2,Water + air,1,0,11,18.0
1790926370,29.9,-0.14,0.11,82.15,-0.72,0.013,1.012,-0.139,1,0.18,Water + air,1,0,11,18.0
1790926375,29.9,-0.13,0.18,82.16,-0.64,0.011,1.012,-0.139,1,0.23,Water + air,1,0,11,18.0
1790926380,29.9,-0.18,0.16,82.2,-0.66,0.012,1.012,-0.138,1,0.24,Water + air,1,0,11,18.0
1790926385,30.0,-0.1,0.13,82.12,-0.69,0.012,1.012,-0.14,1,0.17,Water + air,1,0,11,18.0
1790926390,30.0,-0.17,0.14,82.19,-0.68,0.012,1.012,-0.138,1,0.22,Water + air,1,0,11,18.0
1790926395,30.0,-0.14,0.12,82.16,-0.71,0.013,1.012,-0.139,1,0.18,Water + air,1,0,11,18.0
1790926400,30.0,-0.12,0.14,82.14,-0.68,0.012,1.013,-0.139,1,0.18,Water + air,1,0,11,18.6
1790926405,30.1,-0.14,0.1,82.16,-0.72,0.013,1.012,-0.139,1,0.17,Water + air,1,0,11,18.6
1790926410,30.1,-0.09,0.14,82.11,-0.68,0.012,1.011,-0.14,1,0.17,Water + air,1,0,11,18.6
1790926415,30.1,-0.11,0.16,82.13,-0.66,0.012,1.011,-0.139,1,0.19,Water + air,1,0,11,18.6
1790926420,30.2,-0.13,0.1,82.15,-0.73,0.013,1.012,-0.139,1,0.17,Water + air,1,0,11,18.6
1790926425,30.2,-0.15,0.1,82.17,-0.72,0.013,1.012,-0.139,1,0.19,Water + air,1,0,11,18.6
1790926430,30.2,-0.11,0.15,82.13,-0.67,0.012,1.012,-0.139,1,0.19,Water + air,1,0,11,18.6
1790926443,30.3,-0.16,0.13,82.18,-0.7,0.012,1.013,-0.139,1,0.21,Water + air,1,0,11,18.6
1790926449,30.3,-0.15,0.15,82.17,-0.68,0.012,1.012,-0.139,1,0.21,Water + air,1,0,11,18.6
1790926454,30.3,-0.11,0.1,82.12,-0.73,0.013,1.012,-0.139,1,0.14,Water + air,1,0,11,18.6
1790926459,30.4,-0.09,0.14,82.11,-0.68,0.012,1.012,-0.14,1,0.17,Water + air,1,0,11,18.6
1790926464,30.4,-0.04,0.16,82.06,-0.67,0.012,1.012,-0.141,1,0.16,Water + air,1,0,11,18.6
1790926469,30.4,-0.08,0.12,82.1,-0.7,0.013,1.012,-0.14,1,0.15,Water + air,1,0,11,18.6
1790926474,30.4,-0.05,0.12,82.07,-0.7,0.012,1.012,-0.14,1,0.13,Water + air,1,0,11,18.6
1790926479,30.5,-0.12,0.15,82.14,-0.68,0.012,1.011,-0.139,1,0.19,Water + air,1,0,11,18.6
1790926484,30.5,-0.03,0.16,82.05,-0.66,0.012,1.011,-0.141,1,0.17,Water + air,1,0,11,18.5
1790926489,30.5,-0.07,0.13,82.09,-0.69,0.012,1.012,-0.14,1,0.15,Water + air,1,0,11,18.5
1790926494,30.5,-0.05,0.11,82.06,-0.71,0.013,1.011,-0.14,1,0.12,Water + air,1,0,11,18.5
1790926499,30.6,-0.06,0.15,82.08,-0.67,0.012,1.011,-0.14,1,0.16,Water + air,1,0,11,18.5
1790926504,30.6,-0.09,0.15,82.11,-0.68,0.012,1.011,-0.14,1,0.17,Water + air,1,0,11,18.5
1790926509,30.6,-0.11,0.1,82.13,-0.73,0.013,1.012,-0.139,1,0.15,Water + air,1,0,11,18.5
1790926514,30.7,-0.02,0.14,82.04,-0.68,0.012,1.012,-0.141,1,0.14,Water + air,1,0,11,18.5
1790926519,30.7,-0.1,0.13,82.12,-0.7,0.012,1.011,-0.139,1,0.16,Water + air,1,0,11,18.5
1790926524,30.7,-0.12,0.11,82.14,-0.72,0.013,1.012,-0.139,1,0.16,Water + air,1,0,17,18.5
1790926529,30.7,-0.09,0.13,82.11,-0.69,0.012,1.011,-0.14,1,0.16,Water + air,1,0,17,18.5
1790926534,30.8,-0.07,0.13,82.09,-0.69,0.012,1.011,-0.14,1,0.15,Water + air,1,0,17,18.5
1790926539,30.8,-0.1,0.12,82.12,-0.7,0.013,1.012,-0.139,1,0.16,Water + air,1,0,17,18.5
1790926544,30.8,-0.04,0.13,82.06,-0.69,0.012,1.012,-0.141,1,0.14,Water + air,1,0,17,18.5
1790926549,30.9,-0.04,0.12,82.06,-0.7,0.013,1.011,-0.14,1,0.13,Water + air,1,0,17,18.5
1790926554,30.9,-0.06,0.13,82.08,-0.69,0.012,1.011,-0.14,1,0.15,Water + air,1,0,17,18.5
1790926559,30.9,-0.05,0.14,82.07,-0.68,0.012,1.012,-0.14,1,0.15,Water + air,1,0,17,18.5
1790926564,30.9,-0.08,0.11,82.09,-0.72,0.013,1.011,-0.14,1,0.13,Water + air,1,0,17,18.5
1790926569,31.0,-0.06,0.14,82.08,-0.69,0.012,1.011,-0.14,1,0.15,Water + air,1,0,17,18.5
1790926574,31.0,-0.01,0.1,82.03,-0.72,0.013,1.011,-0.141,1,0.1,Water + air,1,0,17,18.5
1790926579,31.0,-0.07,0.1,82.09,-0.72,0.013,1.011,-0.14,1,0.13,Water + air,1,0,17,18.5
1790926584,31.0,-0.06,0.11,82.07,-0.71,0.013,1.011,-0.14,1,0.12,Water + air,1,0,17,18.5
1790926589,31.1,-0.01,0.12,82.03,-0.7,0.013,1.011,-0.141,1,0.12,Water + air,1,0,17,18.5
1790926594,31.1,-0.08,0.15,82.1,-0.68,0.012,1.011,-0.14,1,0.17,Water + air,1,0,17,18.5
1790926599,31.1,-0.03,0.09,82.04,-0.73,0.013,1.011,-0.141,1,0.1,Water + air,1,0,17,18.5
1790926604,31.1,-0.08,0.13,82.1,-0.69,0.012,1.011,-0.14,1,0.16,Water + air,1,0,17,18.5
1790926609,31.2,-0.09,0.11,82.11,-0.71,0.013,1.011,-0.14,1,0.14,Water + air,1,0,17,18.5
1790926614,31.2,-0.03,0.16,82.05,-0.66,0.012,1.011,-0.141,1,0.16,Water + air,1,0,17,18.5
1790926619,31.2,-0.02,0.16,82.04,-0.67,0.012,1.011,-0.141,1,0.16,Water + air,1,0,17,18.5
1790926624,31.2,-0.02,0.1,82.04,-0.72,0.013,1.011,-0.141,1,0.11,Water + air,1,0,17,18.5
1790926629,31.3,-0.04,0.14,82.06,-0.68,0.012,1.011,-0.14,1,0.15,Water + air,1,0,17,18.5
1790926634,31.3,-0.05,0.13,82.07,-0.69,0.012,1.011,-0.14,1,0.14,Water + air,1,0,17,18.5
1790926639,31.3,-0.03,0.07,82.04,-0.76,0.013,1.011,-0.141,1,0.07,Water + air,1,0,17,18.5
1790926644,31.3,-0.0,0.09,82.02,-0.73,0.013,1.011,-0.141,1,0.09,Water + air,1,0,17,18.5
1790926649,31.4,-0.1,0.07,82.11,-0.76,0.013,1.011,-0.139,1,0.12,Water + air,1,0,17,18.5
1790926654,31.4,-0.04,0.11,82.05,-0.72,0.013,1.011,-0.14,1,0.11,Water + air,1,0,17,18.5
1790926659,31.4,-0.02,0.09,82.04,-0.73,0.013,1.011,-0.141,1,0.1,Water + air,1,0,17,18.5
1790926664,31.5,-0.0,0.12,82.02,-0.7,0.012,1.01,-0.141,1,0.12,Water + air,1,0,17,18.4
1790926669,31.5,-0.03,0.12,82.04,-0.71,0.013,1.011,-0.141,1,0.12,Water + air,1,0,17,18.4
1790926674,31.5,-0.01,0.06,82.02,-0.77,0.014,1.01,-0.141,1,0.06,Water + air,1,0,17,18.4
1790926679,31.5,0.03,0.02,81.98,-0.8,0.014,1.011,-0.142,1,0.04,Water + air,1,0,17,18.4
1790926684,31.6,-0.0,0.08,82.01,-0.75,0.013,1.011,-0.141,1,0.08,Water + air,1,0,17,18.4
1790926689,31.6,0.0,0.13,82.02,-0.7,0.012,1.011,-0.141,1,0.13,Water + air,1,0,17,18.4
1790926694,31.6,-0.03,0.11,82.05,-0.72,0.013,1.011,-0.141,1,0.11,Water + air,1,0,17,18.4
1790926699,31.6,-0.06,0.16,82.08,-0.67,0.012,1.01,-0.14,1,0.17,Water + air,1,0,17,18.4
1790926704,31.7,0.03,0.18,81.99,-0.65,0.012,1.01,-0.142,1,0.18,Water + air,1,0,17,18.4
1790926709,31.7,-0.03,0.09,82.04,-0.74,0.013,1.01,-0.14,1,0.09,Water + air,1,0,17,18.4
1790926714,31.7,-0.0,0.11,82.02,-0.71,0.013,1.01,-0.141,1,0.11,Water + air,1,0,17,18.4
1790926719,31.7,-0.02,0.08,82.04,-0.74,0.013,1.011,-0.141,1,0.09,Water + air,1,0,17,18.4
1790926724,31.8,-0.02,0.13,82.04,-0.7,0.012,1.01,-0.141,1,0.13,Water + air,1,0,17,18.4
1790926729,31.8,-0.0,0.14,82.02,-0.68,0.012,1.011,-0.141,1,0.14,Water + air,1,0,17,18.4
1790926734,31.8,-0.02,0.09,82.04,-0.74,0.013,1.01,-0.141,1,0.09,Water + air,1,0,17,18.4
1790926739,31.8,0.0,0.14,82.02,-0.69,0.012,1.011,-0.141,1,0.14,Water + air,1,0,17,18.4
1790926744,31.8,0.05,0.11,81.97,-0.72,0.013,1.011,-0.142,1,0.12,Water + air,1,0,17,18.4
1790926757,31.9,-0.04,0.11,82.06,-0.71,0.013,1.011,-0.14,1,0.12,Water + air,1,0,17,18.4
1790926762,31.9,-0.07,0.13,82.09,-0.69,0.012,1.01,-0.14,1,0.15,Water + air,1,0,17,18.4
1790926767,31.9,-0.02,0.11,82.04,-0.71,0.013,1.011,-0.141,1,0.11,Water + air,1,0,17,18.4
1790926772,32.0,-0.01,0.1,82.03,-0.72,0.013,1.01,-0.141,1,0.1,Water + air,1,0,17,18.4
1790926777,32.0,-0.02,0.14,82.04,-0.68,0.012,1.01,-0.141,1,0.14,Water + air,1,0,17,18.4
1790926802,32.1,-0.02,0.1,82.03,-0.73,0.013,1.01,-0.141,1,0.1,Water + air,1,0,17,18.3
1790926812,32.2,0.0,0.11,82.02,-0.71,0.013,1.01,-0.141,1,0.11,Water + air,1,0,17,18.3
1790926822,32.2,0.06,0.13,81.96,-0.69,0.012,1.01,-0.142,1,0.15,Water + air,1,0,17,18.3
1790926832,32.3,0.03,0.12,81.99,-0.7,0.012,1.01,-0.142,1,0.13,Water + air,1,0,17,18.3
1790926842,32.3,-0.02,0.14,82.04,-0.69,0.012,1.01,-0.141,1,0.14,Water + air,1,0,17,18.3
1790926852,32.4,0.02,0.11,82.0,-0.71,0.013,1.01,-0.141,1,0.11,Water + air,1,0,17,18.3
1790926862,32.4,-0.01,0.17,82.03,-0.66,0.012,1.01,-0.141,1,0.17,Water + air,1,0,17,18.3
1790926872,32.5,0.0,0.06,82.01,-0.76,0.014,1.011,-0.141,1,0.06,Water + air,1,0,17,18.3
1790926882,32.5,0.01,0.11,82.01,-0.71,0.013,1.01,-0.141,1,0.11,Water + air,1,0,17,18.3
1790926892,32.6,0.05,0.14,81.98,-0.68,0.012,1.01,-0.142,1,0.15,Water + air,1,0,17,18.3
1790926902,32.6,0.0,0.13,82.02,-0.69,0.012,1.01,-0.141,1,0.13,Water + air,1,0,17,18.3
1790926912,32.7,0.01,0.13,82.01,-0.69,0.012,1.01,-0.141,1,0.13,Water + air,1,0,17,18.3
1790926922,32.7,-0.0,0.09,82.02,-0.74,0.013,1.01,-0.141,1,0.09,Water + air,1,0,19,18.3
1790926932,32.7,-0.05,0.09,82.06,-0.74,0.013,1.01,-0.14,1,0.1,Water + air,1,0,19,18.3
1790926942,32.8,0.03,0.16,81.99,-0.67,0.012,1.009,-0.141,1,0.16,Water + air,1,0,19,18.2
1790926952,32.8,-0.04,0.14,82.06,-0.69,0.012,1.01,-0.14,1,0.14,Water + air,1,0,19,18.2
1790926962,32.9,0.05,0.11,81.97,-0.71,0.013,1.009,-0.142,1,0.12,Water + air,1,0,19,18.2
1790926972,32.9,0.02,0.14,82.0,-0.69,0.012,1.01,-0.141,1,0.14,Water + air,1,0,19,18.2
1790926982,33.0,0.03,0.14,81.99,-0.69,0.012,1.01,-0.142,1,0.14,Water + air,1,0,19,18.2
1790926992,33.0,0.0,0.12,82.02,-0.71,0.013,1.009,-0.141,1,0.12,Water + air,1,0,19,18.2
1790927002,33.1,-0.04,0.13,82.06,-0.7,0.012,1.009,-0.14,1,0.14,Water + air,1,0,19,18.2
1790927012,33.1,0.07,0.12,81.95,-0.7,0.013,1.01,-0.142,1,0.14,Water + air,1,0,19,18.2
1790927022,33.2,-0.03,0.12,82.05,-0.7,0.013,1.01,-0.14,1,0.12,Water + air,1,0,19,18.2
1790927032,33.2,0.02,0.12,82.0,-0.7,0.012,1.01,-0.141,1,0.13,Water + air,1,0,19,18.2
1790927042,33.3,-0.02,0.17,82.04,-0.66,0.012,1.009,-0.141,1,0.17,Water + air,1,0,19,18.2
1790927052,33.3,0.01,0.11,82.01,-0.71,0.013,1.01,-0.141,1,0.12,Water + air,1,0,19,18.2
1790927072,33.4,0.0,0.1,82.01,-0.73,0.013,1.009,-0.141,1,0.1,Water + air,1,0,19,18.2
1790927082,33.4,0.02,0.13,82.0,-0.7,0.012,1.01,-0.141,1,0.13,Water + air,1,0,19,18.2
1790927092,33.5,-0.02,0.12,82.04,-0.71,0.013,1.009,-0.141,1,0.12,Water + air,1,0,19,18.2
1790927102,33.5,0.02,0.14,82.0,-0.69,0.012,1.01,-0.141,1,0.14,Water + air,1,0,19,18.2
1790927112,33.6,0.07,0.12,81.94,-0.7,0.012,1.009,-0.142,1,0.14,Water + air,1,0,19,18.2
1790927122,33.6,0.04,0.1,81.98,-0.73,0.013,1.009,-0.142,1,0.1,Water + air,1,0,19,18.2
1790927132,33.7,0.02,0.13,82.0,-0.69,0.012,1.01,-0.141,1,0.14,Water + air,1,0,19,18.1
1790927142,33.7,0.01,0.12,82.01,-0.71,0.013,1.009,-0.141,1,0.12,Water + air,1,0,19,18.1
1790927152,33.8,0.04,0.11,81.98,-0.71,0.013,1.01,-0.142,1,0.12,Water + air,1,0,19,18.1
1790927162,33.8,0.01,0.11,82.01,-0.72,0.013,1.009,-0.141,1,0.11,Water + air,1,0,19,18.1
1790927172,33.8,0.03,0.11,81.99,-0.72,0.013,1.009,-0.141,1,0.11,Water + air,1,0,19,18.1
1790927182,33.9,0.06,0.08,81.96,-0.74,0.013,1.009,-0.142,1,0.1,Water + air,1,0,19,18.1
1790927192,33.9,0.07,0.09,81.94,-0.73,0.013,1.009,-0.142,1,0.11,Water + air,1,0,19,18.1
1790927202,34.0,0.04,0.1,81.97,-0.72,0.013,1.008,-0.142,1,0.11,Water + air,1,0,19,18.1
1790927212,34.0,0.05,0.14,81.97,-0.69,0.012,1.009,-0.142,1,0.15,Water + air,1,0,19,18.1
1790927222,34.0,0.07,0.11,81.95,-0.71,0.013,1.008,-0.142,1,0.13,Water + air,1,0,19,18.1
1790927232,34.1,-0.03,0.15,82.05,-0.68,0.012,1.009,-0.14,1,0.15,Water + air,1,0,19,18.1
1790927242,34.1,-0.02,0.11,82.03,-0.72,0.013,1.009,-0.141,1,0.11,Water + air,1,0,19,18.1
1790927252,34.1,-0.01,0.11,82.03,-0.72,0.013,1.009,-0.141,1,0.11,Water + air,1,0,19,18.1
1790927262,34.2,0.03,0.15,81.99,-0.67,0.012,1.008,-0.141,1,0.15,Water + air,1,0,19,18.1
1790927272,34.2,0.05,0.15,81.97,-0.67,0.012,1.009,-0.142,1,0.16,Water + air,1,0,19,18.1
1790927282,34.3,-0.04,0.1,82.06,-0.73,0.013,1.009,-0.14,1,0.11,Water + air,1,0,19,18.1
1790927292,34.3,0.02,0.14,82.0,-0.68,0.012,1.009,-0.141,1,0.15,Water + air,1,0,19,18.1
1790927302,34.3,0.01,0.1,82.01,-0.73,0.013,1.008,-0.141,1,0.1,Water + air,1,0,19,18.1
1790927312,34.4,-0.05,0.1,82.07,-0.73,0.013,1.009,-0.14,1,0.11,Water + air,1,0,19,18.1
1790927322,34.4,0.06,0.08,81.96,-0.75,0.013,1.008,-0.142,1,0.09,Water + air,1,0,19,18.1
1790927332,34.5,0.04,0.09,81.98,-0.73,0.013,1.008,-0.141,1,0.1,Water + air,1,0,19,18.1
1790927342,34.5,-0.01,0.1,82.02,-0.72,0.013,1.009,-0.141,1,0.1,Water + air,1,0,19,18.1
1790927352,34.5,0.0,0.13,82.02,-0.69,0.012,1.008,-0.141,1,0.13,Water + air,1,0,19,18.0
1790927362,34.6,0.01,0.11,82.01,-0.72,0.013,1.008,-0.141,1,0.11,Water + air,1,0,19,18.0
1790927372,34.6,0.07,0.11,81.95,-0.71,0.013,1.009,-0.142,1,0.13,Water + air,1,0,19,18.0
1790927382,34.6,-0.04,0.13,82.06,-0.69,0.012,1.007,-0.14,1,0.14,Water + air,1,0,19,18.0
1790927392,34.6,0.02,0.09,82.0,-0.73,0.013,1.008,-0.141,1,0.1,Water + air,1,0,19,18.0
1790927402,34.7,0.04,0.12,81.98,-0.71,0.013,1.008,-0.141,1,0.12,Water + air,1,0,19,18.0
1790927412,34.7,0.03,0.11,81.99,-0.71,0.013,1.008,-0.141,1,0.12,Water + air,1,0,19,18.0
1790927422,34.7,-0.05,0.13,82.07,-0.69,0.012,1.008,-0.14,1,0.14,Water + air,1,0,19,18.0
1790927432,34.7,0.03,0.11,81.99,-0.71,0.013,1.008,-0.141,1,0.11,Water + air,1,0,19,18.0
1790927442,34.8,0.01,0.09,82.01,-0.73,0.013,1.008,-0.141,1,0.09,Water + air,1,0,19,18.0
1790927452,34.8,-0.0,0.12,82.02,-0.71,0.013,1.008,-0.141,1,0.12,Water + air,1,0,19,18.6
1790927462,34.8,-0.08,0.15,82.1,-0.67,0.012,1.009,-0.139,1,0.17,Water + air,1,0,19,18.6
1790927472,34.8,-0.03,0.1,82.05,-0.73,0.013,1.008,-0.14,1,0.1,Water + air,1,0,19,18.6
1790927482,34.9,0.01,0.11,82.01,-0.72,0.013,1.009,-0.141,1,0.11,Water + air,1,0,19,18.6
1790927492,34.9,-0.04,0.09,82.05,-0.73,0.013,1.009,-0.14,1,0.1,Water + air,1,0,19,18.6
1790927502,34.9,-0.0,0.12,82.02,-0.71,0.013,1.008,-0.141,1,0.12,Water + air,1,0,19,18.6
1790927512,34.9,-0.02,0.13,82.04,-0.69,0.012,1.008,-0.14,1,0.13,Water + air,1,0,19,18.6
1790927522,34.9,-0.04,0.09,82.05,-0.73,0.013,1.008,-0.14,1,0.1,Water + air,1,0,19,18.6
1790927532,35.0,-0.02,0.13,82.04,-0.7,0.012,1.008,-0.14,1,0.13,Water + air,1,0,19,18.6
1790927542,35.0,0.0,0.11,82.02,-0.71,0.013,1.009,-0.141,1,0.11,Water + air,1,0,19,18.6
1790927552,35.0,-0.04,0.12,82.06,-0.71,0.013,1.008,-0.14,1,0.12,Water + air,1,0,19,18.6
1790927562,35.0,-0.02,0.17,82.04,-0.66,0.012,1.008,-0.14,1,0.17,Water + air,1,0,19,18.6
1790927572,35.1,-0.05,0.13,82.07,-0.7,0.012,1.009,-0.14,1,0.14,Water + air,1,0,19,18.5
1790927582,35.1,-0.04,0.12,82.05,-0.7,0.012,1.008,-0.14,1,0.13,Water + air,1,0,19,18.5
1790927592,35.1,-0.1,0.15,82.12,-0.68,0.012,1.008,-0.139,1,0.18,Water + air,1,0,19,18.5
1790927602,35.1,0.0,0.11,82.01,-0.72,0.013,1.008,-0.141,1,0.11,Water + air,1,0,19,18.5
1790927612,35.2,-0.0,0.11,82.02,-0.71,0.013,1.008,-0.141,1,0.11,Water + air,1,0,19,18.4
1790927622,35.2,0.01,0.16,82.01,-0.67,0.012,1.008,-0.141,1,0.16,Water + air,1,0,19,18.4
1790927632,35.2,-0.01,0.13,82.03,-0.7,0.012,1.007,-0.14,1,0.13,Water + air,1,0,19,18.4
1790927642,35.2,-0.04,0.1,82.05,-0.73,0.013,1.008,-0.14,1,0.1,Water + air,1,0,19,18.4
1790927652,35.3,0.02,0.12,82.0,-0.71,0.013,1.008,-0.141,1,0.12,Water + air,1,0,19,18.4
1790927662,35.3,-0.02,0.07,82.03,-0.76,0.013,1.009,-0.141,1,0.07,Water + air,1,0,19,18.4
1790927672,35.3,-0.03,0.11,82.05,-0.72,0.013,1.008,-0.14,1,0.11,Water + air,1,0,19,18.4
1790927682,35.3,-0.04,0.12,82.06,-0.7,0.013,1.008,-0.14,1,0.13,Water + air,1,0,19,18.4
1790927702,35.4,-0.02,0.12,82.03,-0.7,0.013,1.008,-0.141,1,0.12,Water + air,1,0,19,18.4
1790927712,35.4,-0.01,0.1,82.02,-0.73,0.013,1.008,-0.141,1,0.1,Water + air,1,0,19,18.4
1790927722,35.5,-0.05,0.07,82.06,-0.76,0.013,1.008,-0.14,1,0.08,Water + air,1,0,19,18.4
1790927732,35.5,0.02,0.11,81.99,-0.71,0.013,1.008,-0.141,1,0.12,Water + air,1,0,19,18.4
1790927742,35.5,-0.07,0.12,82.09,-0.71,0.013,1.008,-0.14,1,0.14,Water + air,1,0,19,18.4
1790927752,35.5,-0.08,0.1,82.09,-0.73,0.013,1.008,-0.139,1,0.12,Water + air,1,0,19,18.4
1790927762,35.6,-0.08,0.12,82.09,-0.7,0.012,1.008,-0.139,1,0.15,Water + air,1,0,19,18.3
1790927772,35.6,-0.06,0.12,82.08,-0.7,0.013,1.008,-0.14,1,0.13,Water + air,1,0,19,18.3
1790927782,35.6,-0.04,0.1,82.06,-0.72,0.013,1.008,-0.14,1,0.11,Water + air,1,0,19,18.3
1790927792,35.6,-0.04,0.08,82.05,-0.75,0.013,1.008,-0.14,1,0.08,Water + air,1,0,19,18.3
1790927802,35.6,-0.07,0.11,82.09,-0.71,0.013,1.008,-0.14,1,0.13,Water + air,1,0,19,18.3
1790927812,35.6,-0.05,0.12,82.07,-0.7,0.013,1.008,-0.14,1,0.13,Water + air,1,0,19,18.3
1790927822,35.7,-0.01,0.16,82.03,-0.67,0.012,1.008,-0.141,1,0.16,Water + air,1,0,19,18.3
1790927832,35.7,-0.03,0.13,82.05,-0.69,0.012,1.007,-0.14,1,0.14,Water + air,1,0,19,18.3
1790927842,35.7,-0.05,0.12,82.07,-0.71,0.013,1.008,-0.14,1,0.13,Water + air,1,0,19,18.3
1790927852,35.7,-0.02,0.14,82.04,-0.68,0.012,1.007,-0.14,1,0.14,Water + air,1,0,19,18.3
1790927862,35.7,-0.1,0.14,82.13,-0.68,0.012,1.008,-0.139,1,0.18,Water + air,1,0,19,18.2
1790927872,35.8,-0.11,0.12,82.13,-0.71,0.013,1.008,-0.139,1,0.16,Water + air,1,0,19,18.2
1790927882,35.8,-0.09,0.14,82.11,-0.68,0.012,1.008,-0.139,1,0.17,Water + air,1,0,19,18.2
1790927892,35.8,-0.05,0.15,82.07,-0.68,0.012,1.008,-0.14,1,0.16,Water + air,1,0,19,18.2
1790927902,35.8,-0.06,0.13,82.08,-0.7,0.012,1.007,-0.14,1,0.14,Water + air,1,0,19,18.2
1790927912,35.9,-0.07,0.13,82.09,-0.69,0.012,1.007,-0.139,1,0.15,Water + air,1,0,19,18.2
1790927922,35.9,-0.04,0.09,82.05,-0.74,0.013,1.008,-0.14,1,0.1,Water + air,1,0,19,18.2
1790927932,35.9,-0.04,0.14,82.06,-0.69,0.012,1.007,-0.14,1,0.14,Water + air,1,0,19,18.2
1790927942,35.9,-0.01,0.12,82.03,-0.7,0.012,1.008,-0.141,1,0.12,Water + air,1,0,19,18.1
1790927952,35.9,-0.08,0.14,82.1,-0.69,0.012,1.008,-0.139,1,0.16,Water + air,1,0,19,18.1
1790927962,36.0,-0.03,0.08,82.05,-0.75,0.013,1.008,-0.14,1,0.08,Water + air,1,0,19,18.1
1790927972,36.0,-0.08,0.11,82.09,-0.72,0.013,1.008,-0.139,1,0.13,Water + air,1,0,19,18.1
1790927982,36.0,-0.02,0.1,82.04,-0.72,0.013,1.007,-0.14,1,0.1,Water + air,1,0,19,18.1
1790927992,36.0,-0.07,0.1,82.08,-0.72,0.013,1.008,-0.14,1,0.12,Water + air,1,0,19,18.1
1790928002,36.1,-0.09,0.08,82.1,-0.75,0.013,1.008,-0.139,1,0.11,Water + air,1,0,19,18.1
1790928012,36.1,-0.03,0.1,82.05,-0.73,0.013,1.008,-0.14,1,0.1,Water + air,1,0,19,18.1
1790928022,36.1,-0.06,0.13,82.08,-0.7,0.012,1.008,-0.14,1,0.14,Water + air,1,0,19,18.1
1790928032,36.1,-0.05,0.11,82.07,-0.71,0.013,1.007,-0.14,1,0.13,Water + air,1,0,19,18.1
1790928042,36.1,-0.1,0.11,82.12,-0.72,0.013,1.008,-0.139,1,0.15,Water + air,1,0,19,18.1
1790928052,36.1,-0.09,0.15,82.11,-0.68,0.012,1.007,-0.139,1,0.17,Water + air,1,0,19,18.1
1790928062,36.2,-0.09,0.11,82.11,-0.72,0.013,1.007,-0.139,1,0.14,Water + air,1,0,19,18.1
1790928072,36.2,-0.12,0.14,82.14,-0.68,0.012,1.007,-0.139,1,0.19,Water + air,1,0,19,18.1
1790928082,36.2,-0.17,0.13,82.19,-0.7,0.012,1.007,-0.138,1,0.21,Water + air,1,0,19,18.1
1790928092,36.2,-0.13,0.08,82.15,-0.74,0.013,1.008,-0.138,1,0.16,Water + air,1,0,19,18.1
1790928102,36.3,-0.11,0.11,82.13,-0.71,0.013,1.007,-0.139,1,0.16,Water + air,1,0,19,18.1
1790928112,36.3,-0.13,0.12,82.15,-0.7,0.012,1.008,-0.138,1,0.18,Water + air,1,0,19,18.1
1790928122,36.3,-0.06,0.1,82.08,-0.72,0.013,1.007,-0.14,1,0.12,Water + air,1,0,19,18.0
1790928132,36.3,-0.1,0.08,82.11,-0.75,0.013,1.008,-0.139,1,0.13,Water + air,1,0,19,18.0
1790928142,36.4,-0.08,0.09,82.1,-0.73,0.013,1.007,-0.139,1,0.13,Water + air,1,0,19,18.7
1790928152,36.4,-0.14,0.17,82.16,-0.66,0.012,1.007,-0.138,1,0.22,Water + air,1,0,19,18.7
1790928162,36.4,-0.12,0.08,82.13,-0.74,0.013,1.007,-0.139,1,0.14,Water + air,1,0,19,18.7
1790928172,36.4,-0.06,0.09,82.07,-0.73,0.013,1.007,-0.14,1,0.11,Water + air,1,0,19,18.7
1790928182,36.4,-0.11,0.07,82.13,-0.76,0.013,1.008,-0.139,1,0.13,Water + air,1,0,19,18.7
1790928192,36.5,-0.07,0.12,82.09,-0.7,0.012,1.007,-0.139,1,0.14,Water + air,1,0,19,18.7
1790928202,36.5,-0.09,0.1,82.11,-0.73,0.013,1.007,-0.139,1,0.13,Water + air,1,0,19,18.7
1790928212,36.5,-0.1,0.11,82.11,-0.72,0.013,1.007,-0.139,1,0.14,Water + air,1,0,19,18.7
1790928222,36.5,-0.07,0.13,82.09,-0.69,0.012,1.007,-0.139,1,0.15,Water + air,1,0,19,18.6
1790928232,36.5,-0.06,0.13,82.08,-0.7,0.012,1.007,-0.14,1,0.14,Water + air,1,0,19,18.6
1790928242,36.5,-0.12,0.12,82.14,-0.71,0.013,1.008,-0.139,1,0.17,Water + air,1,0,19,18.6
1790928252,36.6,-0.11,0.12,82.13,-0.7,0.012,1.008,-0.139,1,0.17,Water + air,1,0,19,18.6
1790928262,36.6,-0.05,0.13,82.07,-0.7,0.012,1.008,-0.14,1,0.14,Water + air,1,0,19,18.6
1790928272,36.6,-0.13,0.09,82.15,-0.73,0.013,1.007,-0.138,1,0.16,Water + air,1,0,19,18.6
1790928282,36.6,-0.14,0.11,82.15,-0.72,0.013,1.007,-0.138,1,0.17,Water + air,1,0,19,18.6
1790928292,36.6,-0.13,0.09,82.14,-0.73,0.013,1.007,-0.138,1,0.16,Water + air,1,0,19,18.6
1790928302,36.6,-0.18,0.12,82.19,-0.71,0.013,1.008,-0.138,1,0.21,Water + air,1,0,19,19.2
1790928312,36.6,-0.13,0.11,82.14,-0.72,0.013,1.007,-0.138,1,0.17,Water + air,1,0,19,19.2
1790928332,36.6,-0.13,0.09,82.14,-0.74,0.013,1.009,-0.139,1,0.16,Water + air,1,0,19,19.2
1790928342,36.6,-0.17,0.13,82.18,-0.7,0.012,1.007,-0.138,1,0.21,Water + air,1,0,19,19.2
1790928352,36.7,-0.21,0.13,82.23,-0.69,0.012,1.007,-0.137,1,0.25,Water + air,1,0,19,19.2
1790928362,36.7,-0.17,0.09,82.18,-0.74,0.013,1.007,-0.138,1,0.19,Water + air,1,0,19,19.2
1790928372,36.7,-0.16,0.1,82.18,-0.73,0.013,1.007,-0.138,1,0.19,Water + air,1,0,19,19.2
1790928382,36.7,-0.12,0.08,82.13,-0.74,0.013,1.007,-0.139,1,0.14,Water + air,1,0,19,19.2
1790928392,36.7,-0.13,0.13,82.14,-0.69,0.012,1.007,-0.138,1,0.18,Water + air,1,0,19,19.2
1790928402,36.7,-0.13,0.09,82.14,-0.74,0.013,1.007,-0.138,1,0.16,Water + air,1,0,19,19.2
1790928412,36.7,-0.07,0.11,82.09,-0.72,0.013,1.008,-0.139,1,0.13,Water + air,1,0,19,19.2
1790928422,36.7,-0.14,0.12,82.16,-0.7,0.013,1.007,-0.138,1,0.19,Water + air,1,0,19,19.2
1790928432,36.7,-0.11,0.09,82.12,-0.74,0.013,1.008,-0.139,1,0.14,Water + air,1,0,19,19.2
1790928442,36.7,-0.16,0.13,82.18,-0.7,0.012,1.007,-0.138,1,0.2,Water + air,1,0,19,19.2
1790928452,36.7,-0.16,0.12,82.17,-0.71,0.013,1.008,-0.138,1,0.2,Water + air,1,0,19,19.2
1790928462,36.7,-0.12,0.1,82.14,-0.73,0.013,1.007,-0.138,1,0.16,Water + air,1,0,19,19.2
1790928472,36.7,-0.17,0.08,82.19,-0.75,0.013,1.007,-0.138,1,0.19,Water + air,1,0,19,19.2
1790928482,36.7,-0.17,0.13,82.19,-0.69,0.012,1.008,-0.138,1,0.22,Water + air,1,0,19,19.2
1790928492,36.7,-0.16,0.12,82.18,-0.7,0.012,1.007,-0.138,1,0.2,Water + air,1,0,19,19.2
1790928502,36.7,-0.13,0.11,82.15,-0.72,0.013,1.007,-0.138,1,0.17,Water + air,1,0,19,19.2
1790928512,36.7,-0.14,0.12,82.16,-0.7,0.012,1.007,-0.138,1,0.19,Water + air,1,0,19,19.1
1790928522,36.8,-0.1,0.08,82.12,-0.74,0.013,1.007,-0.139,1,0.13,Water + air,1,0,19,19.1
1790928532,36.8,-0.13,0.1,82.14,-0.73,0.013,1.007,-0.138,1,0.16,Water + air,1,0,19,19.1
1790928542,36.8,-0.13,0.12,82.15,-0.71,0.013,1.007,-0.138,1,0.18,Water + air,1,0,19,19.1
1790928552,36.8,-0.2,0.1,82.22,-0.73,0.013,1.007,-0.137,1,0.22,Water + air,1,0,19,19.1
1790928562,36.8,-0.15,0.12,82.16,-0.71,0.013,1.008,-0.138,1,0.19,Water + air,1,0,19,19.1
1790928572,36.8,-0.12,0.08,82.13,-0.74,0.013,1.007,-0.139,1,0.15,Water + air,1,0,22,19.1
1790928582,36.8,-0.15,0.11,82.17,-0.72,0.013,1.008,-0.138,1,0.19,Water + air,1,0,22,19.1
1790928592,36.9,-0.08,0.12,82.1,-0.7,0.012,1.007,-0.139,1,0.15,Off,0,0,22,19.1
